event_id,company,ticker,cik,sic_code,sector,home_country,filing_date,event_date,event_type,event_subtype,raw_text_url,source,source_type,headline,ai_flag,market_cap_usd,slack_ratio,theory_roster_version,created_at
62e6350cc3bb1088,"TYSON FOODS, INC.  (TSN)  (CIK 0000100493)",TSN,0000100493,2015,Food & Tobacco,DE,2026-06-17,2026-06-17,ceo_turnover,coo_departure,https://www.sec.gov/Archives/edgar/data/100493/000010049326000047/0000100493-26-000047-index.htm,SEC EDGAR,edgar,Item 5.02 Departure of Directors or Certain Officers; Election of Directors; Appointment of Certain Officers; Compensato,False,19529097216,,1,2026-06-21T14:27:53.431958Z
51694c0d7ba4e064,"NIKE, Inc.  (NKE)  (CIK 0000320187)",NKE,0000320187,3021,Rubber/Plastics,OR,2026-06-18,2026-06-18,ceo_turnover,director_departure,https://www.sec.gov/Archives/edgar/data/320187/000032018726000068/0000320187-26-000068-index.htm,SEC EDGAR,edgar,Item 5.02. Departure of Directors or Certain Officers; Election of Directors; Appointment of Certain Officers; Compensat,False,66936094720,,1,2026-06-21T14:27:58.414112Z
b187655c6069359d,HONEYWELL INTERNATIONAL INC  (HON)  (CIK 0000773840),HON,0000773840,3724,Transportation Equipment,DE,2026-06-02,2026-06-02,ceo_turnover,ceo_departure,https://www.sec.gov/Archives/edgar/data/773840/000077384026000068/0000773840-26-000068-index.htm,SEC EDGAR,edgar,Item 5.02 Departure of Directors or Certain Officers; Election of Directors; Appointment of Certain Officers; Compensato,False,145112891392,,1,2026-06-21T14:28:02.871127Z
e9c4fa0b31a990fa,APA Corp  (APA)  (CIK 0001841666),APA,0001841666,1311,Oil & Gas,DE,2026-05-26,2026-05-26,ceo_turnover,officer_change,https://www.sec.gov/Archives/edgar/data/1841666/000184166626000037/0001841666-26-000037-index.htm,SEC EDGAR,edgar,Item 5.02 by reference. Item&#8201;5.07 &#160;&#160;&#160;&#160; Submission of Matters to a Vote of Security Holders. At,False,11675121664,,1,2026-06-21T14:28:07.643714Z
7ff12c3ca59782de,Zoetis Inc.  (ZTS)  (CIK 0001555280),ZTS,0001555280,2834,Chemicals,,2026-05-22,2026-05-22,ceo_turnover,director_departure,https://www.sec.gov/Archives/edgar/data/1555280/000155528026000029/0001555280-26-000029-index.htm,SEC EDGAR,edgar,Item 5.02 Departure of Directors or Certain Officers; Election of Directors; Appointment of Certain Officers; Compensato,False,32997445632,,1,2026-06-21T14:28:11.893937Z
e21ad5896c760dcb,Johnson Controls International plc  (JCI)  (CIK 0000833444),JCI,0000833444,3585,Industrial Machinery,L2,2026-06-03,2026-06-03,ceo_turnover,director_departure,https://www.sec.gov/Archives/edgar/data/833444/000083344426000064/0000833444-26-000064-index.htm,SEC EDGAR,edgar,Item 5.02.&#160;&#160;&#160;&#160;Departure of Directors or Certain Officers; Elections of Directors; Appointment of Cer,False,88356945920,,1,2026-06-21T14:28:23.692803Z
d1df2345e71f3956,"Hewlett Packard Enterprise Co  (HPE, HPE-PC)  (CIK 0001645590)",HPE,0001645590,3570,Industrial Machinery,DE,2026-06-01,2026-06-01,ceo_turnover,director_other,https://www.sec.gov/Archives/edgar/data/1645590/000164559026000052/0001645590-26-000052-index.htm,SEC EDGAR,edgar,Item 5.02. A copy of the press release is furnished as Exhibit 99.2 and incorporated herein by reference. HPE is also an,False,62780489728,,1,2026-06-21T14:28:41.471782Z
aa8006e14c3a870a,CAMPBELL'S Co  (CPB)  (CIK 0000016732),CPB,0000016732,2000,Food & Tobacco,NJ,2026-06-17,2026-06-17,ceo_turnover,officer_change,https://www.sec.gov/Archives/edgar/data/16732/000001673226000014/0000016732-26-000014-index.htm,SEC EDGAR,edgar,"<SEC-DOCUMENT>0000016732-26-000014.txt : 20260617
<SEC-HEADER>0000016732-26-000014.hdr.sgml : 20260617
<ACCEPTANCE-DATET",False,6307061760,,1,2026-06-21T14:29:00.288202Z
0508e906f712608f,CHEVRON CORP  (CVX)  (CIK 0000093410),CVX,0000093410,2911,Petroleum Refining,DE,2026-05-29,2026-05-29,ceo_turnover,officer_change,https://www.sec.gov/Archives/edgar/data/93410/000009341026000123/0000093410-26-000123-index.htm,SEC EDGAR,edgar,"<SEC-DOCUMENT>0000093410-26-000123.txt : 20260529
<SEC-HEADER>0000093410-26-000123.hdr.sgml : 20260529
<ACCEPTANCE-DATET",False,345801129984,,1,2026-06-21T14:29:20.254591Z
e45c87e134103427,BORGWARNER INC  (BWA)  (CIK 0000908255),BWA,0000908255,3714,Transportation Equipment,DE,2026-05-28,2026-05-28,ceo_turnover,president_departure,https://www.sec.gov/Archives/edgar/data/908255/000090825526000037/0000908255-26-000037-index.htm,SEC EDGAR,edgar,Item 5.02 Departure of Directors or Certain Officers; Election of Directors; Appointment of Certain Officers; Compensato,False,14735457280,,1,2026-06-21T14:29:44.907694Z
64ecf031f7470b44,INTUITIVE SURGICAL INC  (ISRG)  (CIK 0001035267),ISRG,0001035267,3842,Instruments,DE,2026-05-28,2026-05-28,ceo_turnover,officer_change,https://www.sec.gov/Archives/edgar/data/1035267/000103526726000042/0001035267-26-000042-index.htm,SEC EDGAR,edgar,"<SEC-DOCUMENT>0001035267-26-000042.txt : 20260528
<SEC-HEADER>0001035267-26-000042.hdr.sgml : 20260528
<ACCEPTANCE-DATET",False,144066363392,,1,2026-06-21T14:30:00.699318Z
dd430c105206dd25,TELEFLEX INC  (TFX)  (CIK 0000096943),TFX,0000096943,3841,Instruments,DE,2026-06-09,2026-06-09,ceo_turnover,ceo_departure,https://www.sec.gov/Archives/edgar/data/96943/000009694326000072/0000096943-26-000072-index.htm,SEC EDGAR,edgar,Item 5.02. Departure of Directors or Certain Officers; Election of Directors; Appointment of Certain Officers; Compensat,False,5622317056,,1,2026-06-21T14:30:23.039138Z
ef8cd410fe1815b9,S&P Global Inc.  (SPGI)  (CIK 0000064040),SPGI,0000064040,7320,Business Services,NY,2026-05-26,2026-05-26,ceo_turnover,president_departure,https://www.sec.gov/Archives/edgar/data/64040/000006404026000031/0000064040-26-000031-index.htm,SEC EDGAR,edgar,Item 5.02.&#160;&#160; Departure of Directors or Certain Officers; Election of Directors; Appointment of Certain Officer,False,121632325632,,1,2026-06-21T14:30:39.816958Z
1b7a21f505d84052,CINCINNATI FINANCIAL CORP  (CINF)  (CIK 0000020286),CINF,0000020286,6331,Insurance,OH,2026-06-16,2026-06-16,ceo_turnover,officer_change,https://www.sec.gov/Archives/edgar/data/20286/000002028626000034/0000020286-26-000034-index.htm,SEC EDGAR,edgar,"<SEC-DOCUMENT>0000020286-26-000034.txt : 20260616
<SEC-HEADER>0000020286-26-000034.hdr.sgml : 20260616
<ACCEPTANCE-DATET",False,26327681024,,1,2026-06-21T14:30:52.889592Z
0c88b7ad3aefb3e1,"ALBEMARLE CORP  (ALB, ALB-PA)  (CIK 0000915913)",ALB,0000915913,2821,Chemicals,VA,2026-06-05,2026-06-05,ceo_turnover,officer_change,https://www.sec.gov/Archives/edgar/data/915913/000091591326000087/0000915913-26-000087-index.htm,SEC EDGAR,edgar,"<SEC-DOCUMENT>0000915913-26-000087.txt : 20260605
<SEC-HEADER>0000915913-26-000087.hdr.sgml : 20260605
<ACCEPTANCE-DATET",False,18910822400,,1,2026-06-21T14:31:14.997588Z
b04c8a05dfb0e918,Kraft Heinz Co  (KHC)  (CIK 0001637459),KHC,0001637459,2030,Food & Tobacco,DE,2026-06-18,2026-06-18,ceo_turnover,president_departure,https://www.sec.gov/Archives/edgar/data/1637459/000163745926000037/0001637459-26-000037-index.htm,SEC EDGAR,edgar,Item 5.02. Departure of Directors or Certain Officers; Election of Directors; Appointment of Certain Officers; Compensat,False,27059445760,,1,2026-06-21T14:31:37.914037Z
a99949bc3ad44dbf,TRIMBLE INC.  (TRMB)  (CIK 0000864749),TRMB,0000864749,3829,Instruments,DE,2026-05-26,2026-05-26,ceo_turnover,director_departure,https://www.sec.gov/Archives/edgar/data/864749/000086474926000071/0000864749-26-000071-index.htm,SEC EDGAR,edgar,Item 5.02 Departure of Directors or Certain Officers; Election of Directors; Appointment of Certain Officers; Compensati,False,11459762176,,1,2026-06-21T14:31:52.549422Z
c3b614936426d113,American Airlines Group Inc.  (AAL)  (CIK 0000006201),AAL,0000006201,4512,Air Transport,DE,2026-06-16,2026-06-16,ceo_turnover,officer_change,https://www.sec.gov/Archives/edgar/data/6201/000000620126000044/0000006201-26-000044-index.htm,SEC EDGAR,edgar,"<SEC-DOCUMENT>0000006201-26-000044.txt : 20260616
<SEC-HEADER>0000006201-26-000044.hdr.sgml : 20260616
<ACCEPTANCE-DATET",False,10575548416,,1,2026-06-21T14:32:08.463010Z
23c37cb3989b5d11,YUM BRANDS INC  (YUM)  (CIK 0001041061),YUM,0001041061,5812,Eating & Drinking,NC,2026-06-02,2026-06-02,ceo_turnover,officer_change,https://www.sec.gov/Archives/edgar/data/1041061/000104106126000136/0001041061-26-000136-index.htm,SEC EDGAR,edgar,"<SEC-DOCUMENT>0001041061-26-000136.txt : 20260602
<SEC-HEADER>0001041061-26-000136.hdr.sgml : 20260602
<ACCEPTANCE-DATET",False,41891672064,,1,2026-06-21T14:32:30.786776Z
54b60aa0c49c0950,STARBUCKS CORP  (SBUX)  (CIK 0000829224),SBUX,0000829224,5810,Eating & Drinking,WA,2026-06-12,2026-06-12,ceo_turnover,officer_change,https://www.sec.gov/Archives/edgar/data/829224/000082922426000106/0000829224-26-000106-index.htm,SEC EDGAR,edgar,"<SEC-DOCUMENT>0000829224-26-000106.txt : 20260612
<SEC-HEADER>0000829224-26-000106.hdr.sgml : 20260612
<ACCEPTANCE-DATET",False,114710806528,,1,2026-06-21T14:32:51.831761Z
c75aa0abde5f4abf,"MCCORMICK & CO INC  (MKC, MKC-V)  (CIK 0000063754)",MKC,0000063754,2090,Food & Tobacco,MD,2026-05-26,2026-05-26,ceo_turnover,director_departure,https://www.sec.gov/Archives/edgar/data/63754/000006375426000232/0000063754-26-000232-index.htm,SEC EDGAR,edgar,Item 5.02 Departure of Directors or Certain Officers; Election of Directors; Appointment of Certain Officers; Compensato,False,12538846208,,1,2026-06-21T14:33:14.571976Z
7bd07de0a3c1897b,JACK HENRY & ASSOCIATES INC  (JKHY)  (CIK 0000779152),JKHY,0000779152,7373,Business Services,DE,2026-06-04,2026-06-04,ceo_turnover,officer_change,https://www.sec.gov/Archives/edgar/data/779152/000077915226000036/0000779152-26-000036-index.htm,SEC EDGAR,edgar,"<SEC-DOCUMENT>0000779152-26-000036.txt : 20260604
<SEC-HEADER>0000779152-26-000036.hdr.sgml : 20260604
<ACCEPTANCE-DATET",False,8968740864,,1,2026-06-21T14:33:31.448369Z
e0b32f309f6294f5,"MICROCHIP TECHNOLOGY INC  (MCHP, MCHPP)  (CIK 0000827054)",MCHP,0000827054,3674,Electronics,DE,2026-06-01,2026-06-01,ceo_turnover,director_departure,https://www.sec.gov/Archives/edgar/data/827054/000082705426000020/0000827054-26-000020-index.htm,SEC EDGAR,edgar,Item 5.02.&#160;&#160;&#160;&#160;Departure of Directors or Certain Officers; Election of Directors; Appointment of Cert,False,54083248128,,1,2026-06-21T14:33:53.658343Z
af8630f690d63542,"Salesforce, Inc.  (CRM)  (CIK 0001108524)",CRM,0001108524,7372,Business Services,DE,2026-06-02,2026-06-02,ceo_turnover,officer_change,https://www.sec.gov/Archives/edgar/data/1108524/000110852426000138/0001108524-26-000138-index.htm,SEC EDGAR,edgar,"<SEC-DOCUMENT>0001108524-26-000138.txt : 20260602
<SEC-HEADER>0001108524-26-000138.hdr.sgml : 20260602
<ACCEPTANCE-DATET",False,124307816448,,1,2026-06-21T14:34:11.490709Z
6bfa3698aac22abd,"M&T BANK CORP  (MTB, MTB-PH, MTB-PJ, MTB-PK)  (CIK 0000036270)",MTB,0000036270,6022,Depository Institutions,NY,2026-06-16,2026-06-16,ceo_turnover,officer_change,https://www.sec.gov/Archives/edgar/data/36270/000003627026000039/0000036270-26-000039-index.htm,SEC EDGAR,edgar,"<SEC-DOCUMENT>0000036270-26-000039.txt : 20260616
<SEC-HEADER>0000036270-26-000039.hdr.sgml : 20260616
<ACCEPTANCE-DATET",False,32967710720,,1,2026-06-21T14:34:33.552449Z
56de9da2e8644793,3M CO  (MMM)  (CIK 0000066740),MMM,0000066740,3841,Instruments,DE,2026-06-08,2026-06-08,ceo_turnover,ceo_departure,https://www.sec.gov/Archives/edgar/data/66740/000006674026000229/0000066740-26-000229-index.htm,SEC EDGAR,edgar,Item 5.02. Departure of Directors or Certain Officers; Election of Directors; Appointment of Certain Officers; Compensat,False,83763707904,,1,2026-06-21T14:34:56.520839Z
dc2719cf94322b32,PFIZER INC  (PFE)  (CIK 0000078003),PFE,0000078003,2834,Chemicals,DE,2026-06-18,2026-06-18,ceo_turnover,officer_change,https://www.sec.gov/Archives/edgar/data/78003/000007800326000085/0000078003-26-000085-index.htm,SEC EDGAR,edgar,"<SEC-DOCUMENT>0000078003-26-000085.txt : 20260618
<SEC-HEADER>0000078003-26-000085.hdr.sgml : 20260618
<ACCEPTANCE-DATET",False,143682977792,,1,2026-06-21T14:35:13.637399Z
7c39c3dd0db8fa23,CARMAX INC  (KMX)  (CIK 0001170010),KMX,0001170010,5500,Retail - Auto,VA,2026-06-08,2026-06-08,ceo_turnover,officer_change,https://www.sec.gov/Archives/edgar/data/1170010/000117001026000051/0001170010-26-000051-index.htm,SEC EDGAR,edgar,"<SEC-DOCUMENT>0001170010-26-000051.txt : 20260608
<SEC-HEADER>0001170010-26-000051.hdr.sgml : 20260608
<ACCEPTANCE-DATET",False,7614842368,,1,2026-06-21T14:35:16.128099Z
cf1795ec5a85b1ec,GENERAL ELECTRIC CO  (GE)  (CIK 0000040545),GE,0000040545,3600,Electronics,NY,2026-06-11,2026-06-11,ceo_turnover,director_departure,https://www.sec.gov/Archives/edgar/data/40545/000004054526000039/0000040545-26-000039-index.htm,SEC EDGAR,edgar,Item 5.02 Departure of Directors or Certain Officers; Election of Directors; Appointment of Certain Officers; Compensato,False,373672869888,,1,2026-06-21T14:35:18.679721Z
fd4f4f86415e96a1,FASTENAL CO  (FAST)  (CIK 0000815556),FAST,0000815556,5200,Retail - Building,MN,2026-06-12,2026-06-12,ceo_turnover,director_departure,https://www.sec.gov/Archives/edgar/data/815556/000081555626000033/0000815556-26-000033-index.htm,SEC EDGAR,edgar,Item 5.02. Departure of Directors or Certain Officers; Election of Directors; Appointment of Certain Officers; Compensat,False,52683329536,,1,2026-06-21T14:35:22.222398Z
8127058f67599bfe,ILLINOIS TOOL WORKS INC  (ITW)  (CIK 0000049826),ITW,0000049826,3560,Industrial Machinery,DE,2026-05-22,2026-05-22,ceo_turnover,cfo_departure,https://www.sec.gov/Archives/edgar/data/49826/000004982626000033/0000049826-26-000033-index.htm,SEC EDGAR,edgar,Item 5.02 Departure of Directors or Certain Officers; Election of Directors; Appointment of Certain Officers; Compensato,False,75978694656,,1,2026-06-21T14:35:24.657475Z
a25ce2ddd9e187d3,"BROADRIDGE FINANCIAL SOLUTIONS, INC.  (BR)  (CIK 0001383312)",BR,0001383312,7389,Business Services,DE,2026-06-10,2026-06-10,ceo_turnover,cfo_departure,https://www.sec.gov/Archives/edgar/data/1383312/000138331226000019/0001383312-26-000019-index.htm,SEC EDGAR,edgar,Item 5.02. Departure of Directors or Certain Officers; Election of Directors; Appointment of Certain Officers; Compensat,False,15914582016,,1,2026-06-21T14:35:27.051295Z
3d67a26c781d8e05,TYLER TECHNOLOGIES INC  (TYL)  (CIK 0000860731),TYL,0000860731,7372,Business Services,DE,2026-05-29,2026-05-29,ma,other,https://www.sec.gov/Archives/edgar/data/860731/000086073126000042/0000860731-26-000042-index.htm,SEC EDGAR,edgar,"Item 1.01 Entry into a Material Definitive Agreement. &#160;&#160;&#160;&#160; On May 28, 2026, Tyler Technologies (&#82",False,11474512896,,1,2026-06-21T14:35:57.672042Z
013ef5ff64b4426a,"KINDER MORGAN, INC.  (KMI, EP-PC)  (CIK 0001506307)",KMI,0001506307,4922,Electric/Gas Utilities,DE,2026-05-28,2026-05-28,ma,other,https://www.sec.gov/Archives/edgar/data/1506307/000150630726000049/0001506307-26-000049-index.htm,SEC EDGAR,edgar,Item 1.01.&#160;&#160;Entry into a Material Definitive Agreement. Amended and Restated Revolving Credit Facility On May&,False,70282248192,,1,2026-06-21T14:36:00.194440Z
d558f9bf492d7230,LyondellBasell Industries N.V.  (LYB)  (CIK 0001489393),LYB,0001489393,2860,Chemicals,P7,2026-05-29,2026-05-29,ma,other,https://www.sec.gov/Archives/edgar/data/1489393/000148939326000050/0001489393-26-000050-index.htm,SEC EDGAR,edgar,"Item 1.01 Entry into a Material Definitive Agreement. On May 29, 2026, certain subsidiaries of LyondellBasell Industries",False,19389681664,,1,2026-06-21T14:36:02.754626Z
cf38459fce3b67fc,"BERKLEY W R CORP  (WRB, WRB-PE, WRB-PF, WRB-PG, WRB-PH)  (CIK 0000011544)",WRB,0000011544,6331,Insurance,DE,2026-06-11,2026-06-11,ma,other,https://www.sec.gov/Archives/edgar/data/11544/000001154426000020/0000011544-26-000020-index.htm,SEC EDGAR,edgar,"Item 1.01 Entry into a Material Definitive Agreement. On June 9, 2026, W. R. Berkley Corporation (the &#8220;Company&#82",False,25009551360,,1,2026-06-21T14:36:05.247238Z
67493f38ba89875d,MCKESSON CORP  (MCK)  (CIK 0000927653),MCK,0000927653,5122,Wholesale - Nondurable,DE,2026-06-12,2026-06-12,ma,other,https://www.sec.gov/Archives/edgar/data/927653/000092765326000167/0000927653-26-000167-index.htm,SEC EDGAR,edgar,Item 1.01 above is hereby incorporated by reference into this,False,87882063872,,1,2026-06-21T14:36:07.729462Z
a6fb33638c03bb40,"Lamb Weston Holdings, Inc.  (LW)  (CIK 0001679273)",LW,0001679273,2030,Food & Tobacco,DE,2026-05-26,2026-05-26,ma,other,https://www.sec.gov/Archives/edgar/data/1679273/000167927326000018/0001679273-26-000018-index.htm,SEC EDGAR,edgar,Item 1.01 is hereby incorporated by reference into this,False,6221560320,,1,2026-06-21T14:36:10.194520Z
5e854f81ff5856d0,TRACTOR SUPPLY CO /DE/  (TSCO)  (CIK 0000916365),TSCO,0000916365,5200,Retail - Building,DE,2026-05-21,2026-05-21,ma,other,https://www.sec.gov/Archives/edgar/data/916365/000091636526000039/0000916365-26-000039-index.htm,SEC EDGAR,edgar,"Item 1.01 Entry into a Material Definitive Agreement On May 19, 2026, Tractor Supply Company (the &#8220;Company&#8221;)",False,15859355648,,1,2026-06-21T14:36:12.692183Z
0551ced64223bc64,AMETEK INC/  (AME)  (CIK 0001037868),AME,0001037868,3823,Instruments,DE,2026-06-12,2026-06-12,ma,acquisition,https://www.sec.gov/Archives/edgar/data/1037868/000103786826000166/0001037868-26-000166-index.htm,SEC EDGAR,edgar,"Item 1.01 Entry Into a Material Definitive Agreement. Amendment and Restatement of Revolving Credit Facility On June 9, ",False,54417379328,,1,2026-06-21T14:36:15.287336Z
e586f8d761975200,"CORPAY, INC.  (CPAY)  (CIK 0001175454)",CPAY,0001175454,7389,Business Services,DE,2026-05-22,2026-05-22,ma,other,https://www.sec.gov/Archives/edgar/data/1175454/000117545426000040/0001175454-26-000040-index.htm,SEC EDGAR,edgar,"Item 1.01 Entry into a Material Definitive Agreement. On May 21, 2026, Corpay, Inc. (&#8220;Corpay&#8221; or the ""Compan",True,22568163328,,1,2026-06-21T14:36:17.809192Z
8106f270b004916f,"ARCH CAPITAL GROUP LTD.  (ACGL, ACGLN, ACGLO)  (CIK 0000947484)",ACGL,0000947484,6331,Insurance,,2026-06-09,2026-06-09,ma,other,https://www.sec.gov/Archives/edgar/data/947484/000094748426000111/0000947484-26-000111-index.htm,SEC EDGAR,edgar,"ITEM 1.01 Entry into a Material Definitive Agreement. On June 9, 2026, Arch Capital Group Ltd. (the &#8220;Issuer&#8221;",False,31857344512,,1,2026-06-21T14:36:20.398927Z
86d672f241cd7312,"NEXTERA ENERGY INC  (NEE, NEE-PN, NEE-PS, NEE-PT, NEE-PU, NEE-PV, NEE-PW)  (CIK 0000753308)",NEE,0000753308,4911,Electric/Gas Utilities,FL,2026-06-15,2026-06-15,ma,other,https://www.sec.gov/Archives/edgar/data/753308/000075330826000046/0000753308-26-000046-index.htm,SEC EDGAR,edgar,Item 2.01 of a Current Report on Form 8-K. The purpose of this Current Report on Form&#160;8-K is to file (a) the Financ,False,180926267392,,1,2026-06-21T14:36:22.861276Z
4d6bc3e8d5710656,"Corteva, Inc.  (CTVA)  (CIK 0001755672)",CTVA,0001755672,0100,Agriculture,DE,2026-06-12,2026-06-12,restructuring,other,https://www.sec.gov/Archives/edgar/data/1755672/000175567226000020/0001755672-26-000020-index.htm,SEC EDGAR,edgar,Item 2.05 are incorporated by reference into this,False,52562558976,,1,2026-06-21T14:36:28.501228Z
d2d2207f23ccf85e,"Lamb Weston Holdings, Inc.  (LW)  (CIK 0001679273)",LW,0001679273,2030,Food & Tobacco,DE,2026-06-04,2026-06-04,restructuring,other,https://www.sec.gov/Archives/edgar/data/1679273/000167927326000020/0001679273-26-000020-index.htm,SEC EDGAR,edgar,"Item 2.05. Costs Associated With Exit or Disposal Activities On June 1, 2026, the Board of Directors of Lamb Weston Hold",False,6221560320,,1,2026-06-21T14:36:30.902897Z
002b0b8392613a8e,ESTEE LAUDER COMPANIES INC  (EL)  (CIK 0001001250),EL,0001001250,2844,Chemicals,DE,2026-06-03,2026-06-03,restructuring,other,https://www.sec.gov/Archives/edgar/data/1001250/000100125026000028/0001001250-26-000028-index.htm,SEC EDGAR,edgar,"Item 2.05 Costs Associated with Exit or Disposal Activities. As announced on November 1, 2023, The Est&#233;e Lauder Com",False,30683826176,,1,2026-06-21T14:36:33.700896Z
8da5ff00b2017c45,CENTENE CORP  (CNC)  (CIK 0001071739),CNC,0001071739,6324,Insurance,DE,2026-06-22,2026-06-22,ceo_turnover,director_departure,https://www.sec.gov/Archives/edgar/data/1071739/000107173926000132/0001071739-26-000132-index.htm,SEC EDGAR,edgar,ITEM 5.02 DEPARTURE OF DIRECTORS OR CERTAIN OFFICERS; ELECTION OF DIRECTORS; APPOINTMENT OF CERTAIN OFFICERS; COMPENSATO,False,32457277440,,1,2026-06-27T04:55:47.752932Z
3234e40fae8e5927,CARMAX INC  (KMX)  (CIK 0001170010),KMX,0001170010,5500,Retail - Auto,VA,2026-06-24,2026-06-24,ceo_turnover,director_departure,https://www.sec.gov/Archives/edgar/data/1170010/000117001026000057/0001170010-26-000057-index.htm,SEC EDGAR,edgar,Item 5.02. Departure of Directors or Certain Officers; Election of Directors; Appointment of Certain Officers; Compensat,False,7487229440,,1,2026-06-27T04:55:52.595800Z
3e8af0b233fa3731,lululemon athletica inc.  (LULU)  (CIK 0001397187),LULU,0001397187,2300,Other,DE,2026-06-26,2026-06-26,ceo_turnover,officer_change,https://www.sec.gov/Archives/edgar/data/1397187/000139718726000088/0001397187-26-000088-index.htm,SEC EDGAR,edgar,"<SEC-DOCUMENT>0001397187-26-000088.txt : 20260626
<SEC-HEADER>0001397187-26-000088.hdr.sgml : 20260626
<ACCEPTANCE-DATET",False,13350534144,,1,2026-06-27T04:55:54.827432Z
12ee3884fa11ebf4,"NIKE, Inc.  (NKE)  (CIK 0000320187)",NKE,0000320187,3021,Rubber/Plastics,OR,2026-06-23,2026-06-23,ceo_turnover,ceo_departure,https://www.sec.gov/Archives/edgar/data/320187/000032018726000070/0000320187-26-000070-index.htm,SEC EDGAR,edgar,Item 5.02. Departure of Directors or Certain Officers; Election of Directors; Appointment of Certain Officers; Compensat,False,60346146816,,1,2026-06-27T04:55:57.109635Z
313e2533d195340a,CONAGRA BRANDS INC.  (CAG)  (CIK 0000023217),CAG,0000023217,2000,Food & Tobacco,DE,2026-06-23,2026-06-23,ceo_turnover,director_departure,https://www.sec.gov/Archives/edgar/data/23217/000002321726000018/0000023217-26-000018-index.htm,SEC EDGAR,edgar,Item 5.02 Departure of Directors or Certain Officers; Election of Directors; Appointment of Certain Officers; Compensato,False,6736395264,,1,2026-06-27T04:55:59.313593Z
242536c081172f86,Keurig Dr Pepper Inc.  (KDP)  (CIK 0001418135),KDP,0001418135,2080,Food & Tobacco,DE,2026-06-25,2026-06-25,ceo_turnover,president_departure,https://www.sec.gov/Archives/edgar/data/1418135/000141813526000045/0001418135-26-000045-index.htm,SEC EDGAR,edgar,Item 5.02. Departure of Directors or Certain Officers; Election of Directors; Appointment of Certain Officers; Compensat,False,45442686976,,1,2026-06-27T04:56:01.543934Z
8bd4c723de8883ab,SMITH A O CORP  (AOS)  (CIK 0000091142),AOS,0000091142,3630,Electronics,DE,2026-06-22,2026-06-22,ceo_turnover,ceo_departure,https://www.sec.gov/Archives/edgar/data/91142/000009114226000091/0000091142-26-000091-index.htm,SEC EDGAR,edgar,Item 5.02. &#160;&#160;&#160;&#160;Departure of Directors or Certain Officers; Election of Directors; Appointment of Cer,False,8506782720,,1,2026-06-27T04:56:03.854687Z
b9578bfa67e83610,"BERKLEY W R CORP  (WRB, WRB-PE, WRB-PF, WRB-PG, WRB-PH)  (CIK 0000011544)",WRB,0000011544,6331,Insurance,DE,2026-06-26,2026-06-26,ceo_turnover,cfo_departure,https://www.sec.gov/Archives/edgar/data/11544/000001154426000030/0000011544-26-000030-index.htm,SEC EDGAR,edgar,Item 5.02 Departure of Directors or Certain Officers; Election of Directors; Appointment of Certain Officers; Compensato,False,26532161536,,1,2026-06-27T04:56:06.106359Z
3790c3bd03a84d7e,BEST BUY CO INC  (BBY)  (CIK 0000764478),BBY,0000764478,5731,Retail - Home,MN,2026-06-22,2026-06-22,ceo_turnover,officer_change,https://www.sec.gov/Archives/edgar/data/764478/000076447826000027/0000764478-26-000027-index.htm,SEC EDGAR,edgar,"<SEC-DOCUMENT>0000764478-26-000027.txt : 20260622
<SEC-HEADER>0000764478-26-000027.hdr.sgml : 20260622
<ACCEPTANCE-DATET",False,16378713088,,1,2026-06-27T04:56:08.438672Z
2c1ae7004a5a2b82,CINCINNATI FINANCIAL CORP  (CINF)  (CIK 0000020286),CINF,0000020286,6331,Insurance,OH,2026-06-22,2026-06-22,ceo_turnover,officer_change,https://www.sec.gov/Archives/edgar/data/20286/000002028626000038/0000020286-26-000038-index.htm,SEC EDGAR,edgar,"<SEC-DOCUMENT>0000020286-26-000038.txt : 20260622
<SEC-HEADER>0000020286-26-000038.hdr.sgml : 20260622
<ACCEPTANCE-DATET",False,28474734592,,1,2026-06-27T04:56:10.673075Z
966678ebce890088,"F5, INC.  (FFIV)  (CIK 0001048695)",FFIV,0001048695,3576,Industrial Machinery,WA,2026-06-23,2026-06-23,ceo_turnover,officer_change,https://www.sec.gov/Archives/edgar/data/1048695/000104869526000059/0001048695-26-000059-index.htm,SEC EDGAR,edgar,"<SEC-DOCUMENT>0001048695-26-000059.txt : 20260623
<SEC-HEADER>0001048695-26-000059.hdr.sgml : 20260623
<ACCEPTANCE-DATET",False,22259085312,,1,2026-06-27T04:56:12.969223Z
f49d1a71429fc2f9,ALIGN TECHNOLOGY INC  (ALGN)  (CIK 0001097149),ALGN,0001097149,3842,Instruments,DE,2026-06-22,2026-06-22,ceo_turnover,officer_change,https://www.sec.gov/Archives/edgar/data/1097149/000109714926000048/0001097149-26-000048-index.htm,SEC EDGAR,edgar,"<SEC-DOCUMENT>0001097149-26-000048.txt : 20260622
<SEC-HEADER>0001097149-26-000048.hdr.sgml : 20260622
<ACCEPTANCE-DATET",False,12778821632,,1,2026-06-27T04:56:15.183164Z
f0ca196fad2623ca,INSULET CORP  (PODD)  (CIK 0001145197),PODD,0001145197,3841,Instruments,DE,2026-06-25,2026-06-25,ceo_turnover,officer_change,https://www.sec.gov/Archives/edgar/data/1145197/000114519726000148/0001145197-26-000148-index.htm,SEC EDGAR,edgar,"<SEC-DOCUMENT>0001145197-26-000148.txt : 20260625
<SEC-HEADER>0001145197-26-000148.hdr.sgml : 20260625
<ACCEPTANCE-DATET",False,10961134592,,1,2026-06-27T04:56:17.464965Z
0b04304d7b0c1fcf,"COSTAR GROUP, INC.  (CSGP)  (CIK 0001057352)",CSGP,0001057352,7389,Business Services,DE,2026-06-25,2026-06-25,ceo_turnover,director_departure,https://www.sec.gov/Archives/edgar/data/1057352/000105735226000048/0001057352-26-000048-index.htm,SEC EDGAR,edgar,Item 5.02 &#160;&#160;&#160;&#160;Departure of Directors or Certain Officers; Election of Directors; Appointment of Cert,False,12352759808,,1,2026-06-27T04:56:19.697412Z
087310dbb4db74b4,"JPMORGAN CHASE & CO  (JPM, AMJB, VYLD, JPM-PC, JPM-PD, JPM-PJ, JPM-PK, JPM-PL, JPM-PM)  (CIK 0000019617)",JPM,0000019617,6021,Depository Institutions,DE,2026-06-25,2026-06-25,ceo_turnover,coo_departure,https://www.sec.gov/Archives/edgar/data/19617/000001961726000241/0000019617-26-000241-index.htm,SEC EDGAR,edgar,Item 5.02 Departure of Directors or Certain Officers; Election of Directors; Appointment of Certain Officers; Compensato,False,881693163520,,1,2026-06-27T04:56:22.219539Z
dd863aefd7cb68ae,FASTENAL CO  (FAST)  (CIK 0000815556),FAST,0000815556,5200,Retail - Building,MN,2026-06-23,2026-06-23,ma,acquisition,https://www.sec.gov/Archives/edgar/data/815556/000081555626000035/0000815556-26-000035-index.htm,SEC EDGAR,edgar,"Item 1.01. Entry into a Material Definitive Agreement. On June 18, 2026, Fastenal Company (the ""Company"") entered into a",False,54072451072,,1,2026-06-27T04:56:37.866122Z
07c9c56f226e6bd3,INTERNATIONAL BUSINESS MACHINES CORP  (IBM)  (CIK 0000051143),IBM,0000051143,3570,Industrial Machinery,NY,2026-06-23,2026-06-23,ma,other,https://www.sec.gov/Archives/edgar/data/51143/000005114326000061/0000051143-26-000061-index.htm,SEC EDGAR,edgar,"Item 1.01. Entry into a Material Definitive Agreement. On June 22, 2026, International Business Machines Corporation (&#",False,255301058560,,1,2026-06-27T04:56:39.988507Z
aeb1109e84ebc677,FMC CORP  (FMC)  (CIK 0000037785),FMC,0000037785,2800,Chemicals,DE,2026-06-23,2026-06-23,ma,other,https://www.sec.gov/Archives/edgar/data/37785/000003778526000114/0000037785-26-000114-index.htm,SEC EDGAR,edgar,"<SEC-DOCUMENT>0000037785-26-000114.txt : 20260623
<SEC-HEADER>0000037785-26-000114.hdr.sgml : 20260623
<ACCEPTANCE-DATET",False,1469282304,,1,2026-06-27T04:56:42.138426Z
f18fc675ead9c135,"HONEYWELL INTERNATIONAL INC  (HON, HONIV)  (CIK 0000773840)",HON,0000773840,3724,Transportation Equipment,DE,2026-06-29,2026-06-29,ceo_turnover,officer_change,https://www.sec.gov/Archives/edgar/data/773840/000077384026000084/0000773840-26-000084-index.htm,SEC EDGAR,edgar,"<SEC-DOCUMENT>0000773840-26-000084.txt : 20260629
<SEC-HEADER>0000773840-26-000084.hdr.sgml : 20260629
<ACCEPTANCE-DATET",False,73570295808,,1,2026-06-29T11:05:24.194182Z
0ee5fdf5555a5cfb,"HONEYWELL INTERNATIONAL INC  (HON, HONIV)  (CIK 0000773840)",HON,0000773840,3724,Transportation Equipment,DE,2026-06-29,2026-06-29,ma,other,https://www.sec.gov/Archives/edgar/data/773840/000077384026000084/0000773840-26-000084-index.htm,SEC EDGAR,edgar,Item 1.01 Entry Into a Material Definitive Agreement. In connection with Honeywell International Inc.&#8217;s (the &#822,False,73570295808,,1,2026-06-29T11:05:37.775083Z
0ffaf99d58a8261d,"Synchrony Financial  (SYF, SYF-PA, SYF-PB)  (CIK 0001601712)",SYF,0001601712,6199,Nondepository Credit,NY,2026-06-29,2026-06-29,ceo_turnover,officer_change,https://www.sec.gov/Archives/edgar/data/1601712/000160171226000027/0001601712-26-000027-index.htm,SEC EDGAR,edgar,Item 5.02 above. A copy of the press release is attached hereto as Exhibit 99.1 to this Current Report on Form 8-K and i,False,26361335808,,1,2026-06-30T03:53:27.875672Z
1788b0852c1da1a1,PINNACLE WEST CAPITAL CORP  (PNW)  (CIK 0000764622),PNW,0000764622,4911,Electric/Gas Utilities,AZ,2026-06-29,2026-06-29,ceo_turnover,director_departure,https://www.sec.gov/Archives/edgar/data/764622/000076462226000034/0000764622-26-000034-index.htm,SEC EDGAR,edgar,Item 5.02 Departure of Directors or Certain Officers; Election of Directors; Appointment of Certain Officers; Compensato,False,13071248384,,1,2026-06-30T03:53:35.686452Z
26f8dc6c7986342e,"GLOBE LIFE INC.  (GL, GL-PD)  (CIK 0000320335)",GL,0000320335,6311,Insurance,DE,2026-06-29,2026-06-29,ma,other,https://www.sec.gov/Archives/edgar/data/320335/000032033526000198/0000320335-26-000198-index.htm,SEC EDGAR,edgar,"<SEC-DOCUMENT>0000320335-26-000198.txt : 20260629
<SEC-HEADER>0000320335-26-000198.hdr.sgml : 20260629
<ACCEPTANCE-DATET",False,13917822976,,1,2026-06-30T03:54:06.255307Z
72bbf2daf7f25e6e,"PPL Corp  (PPL, PPLC)  (CIK 0000922224)",PPL,0000922224,4911,Electric/Gas Utilities,,2026-06-30,2026-06-30,ceo_turnover,ceo_departure,https://www.sec.gov/Archives/edgar/data/922224/000092222426000040/0000922224-26-000040-index.htm,SEC EDGAR,edgar,Item 5.02 Departure of Directors or Certain Officers; Election of Directors; Appointment of Certain Officers; Compensato,False,27449501696,,1,2026-06-30T14:24:48.745546Z
f17dcdda44d53920,MCKESSON CORP  (MCK)  (CIK 0000927653),MCK,0000927653,5122,Wholesale - Nondurable,DE,2026-07-01,2026-07-01,ceo_turnover,president_departure,https://www.sec.gov/Archives/edgar/data/927653/000092765326000185/0000927653-26-000185-index.htm,SEC EDGAR,edgar,"Item 5.02 Departure of Certain Officers On June 29, 2026, Thomas L. Rodgers, the company&#8217;s Executive Vice Presiden",False,89135390720,,1,2026-07-01T14:41:57.537527Z
1c9c1b67ffb62a8d,"WILLIAMS COMPANIES, INC.  (WMB)  (CIK 0000107263)",WMB,0000107263,4922,Electric/Gas Utilities,DE,2026-07-01,2026-07-01,ceo_turnover,director_departure,https://www.sec.gov/Archives/edgar/data/107263/000010726326000020/0000107263-26-000020-index.htm,SEC EDGAR,edgar,Item 5.02. Departure of Directors or Certain Officers; Election of Directors; Appointment of Certain Officers; Compensat,False,88997576704,,1,2026-07-02T03:48:23.232691Z
f62300c21e22a4b2,ADVANCED MICRO DEVICES INC  (AMD)  (CIK 0000002488),AMD,0000002488,3674,Electronics,DE,2026-07-01,2026-07-01,ceo_turnover,ceo_departure,https://www.sec.gov/Archives/edgar/data/2488/000000248826000115/0000002488-26-000115-index.htm,SEC EDGAR,edgar,Item 5.02. Departure of Directors or Certain Officers; Election of Directors; Appointment of Certain Officers; Compensat,False,881959239680,,1,2026-07-02T03:48:32.827937Z
a7780b57e7331f1f,NVIDIA CORP  (NVDA)  (CIK 0001045810),NVDA,0001045810,3674,Electronics,DE,2026-07-02,2026-07-02,ceo_turnover,president_departure,https://www.sec.gov/Archives/edgar/data/1045810/000104581026000060/0001045810-26-000060-index.htm,SEC EDGAR,edgar,Item 5.02. Departure of Directors or Certain Officers; Election of Directors; Appointment of Certain Officers; Compensat,True,4838386565120,,1,2026-07-02T14:07:35.134698Z
75252a426624e105,ESTEE LAUDER COMPANIES INC  (EL)  (CIK 0001001250),EL,0001001250,2844,Chemicals,DE,2026-07-07,2026-07-07,restructuring,other,https://www.sec.gov/Archives/edgar/data/1001250/000100125026000031/0001001250-26-000031-index.htm,SEC EDGAR,edgar,"Item 2.05 Costs Associated with Exit or Disposal Activities. As announced on November 1, 2023, The Est&#233;e Lauder Com",False,30549962752,,1,2026-07-08T02:53:13.078129Z
21536b3b57a35f90,"Caesars Entertainment, Inc.  (CZR)  (CIK 0001590895)",CZR,0001590895,7011,Hotels & Lodging,DE,2026-07-08,2026-07-08,ceo_turnover,officer_change,https://www.sec.gov/Archives/edgar/data/1590895/000159089526000024/0001590895-26-000024-index.htm,SEC EDGAR,edgar,"<SEC-DOCUMENT>0001590895-26-000024.txt : 20260708
<SEC-HEADER>0001590895-26-000024.hdr.sgml : 20260708
<ACCEPTANCE-DATET",False,6131176448,,1,2026-07-08T14:16:16.322970Z
2be5c1e5bcad5e17,"Moderna, Inc.  (MRNA)  (CIK 0001682852)",MRNA,0001682852,2836,Chemicals,DE,2026-07-08,2026-07-08,ceo_turnover,officer_change,https://www.sec.gov/Archives/edgar/data/1682852/000168285226000134/0001682852-26-000134-index.htm,SEC EDGAR,edgar,"<SEC-DOCUMENT>0001682852-26-000134.txt : 20260708
<SEC-HEADER>0001682852-26-000134.hdr.sgml : 20260708
<ACCEPTANCE-DATET",False,29925619712,,1,2026-07-08T14:16:22.501368Z
0e3d1e8f2a0c5d6d,ALIGN TECHNOLOGY INC  (ALGN)  (CIK 0001097149),ALGN,0001097149,3842,Instruments,DE,2026-07-09,2026-07-09,ceo_turnover,officer_change,https://www.sec.gov/Archives/edgar/data/1097149/000109714926000050/0001097149-26-000050-index.htm,SEC EDGAR,edgar,"<SEC-DOCUMENT>0001097149-26-000050.txt : 20260709
<SEC-HEADER>0001097149-26-000050.hdr.sgml : 20260709
<ACCEPTANCE-DATET",False,12805321728,,1,2026-07-09T15:15:11.459655Z
c94640a688d4b46d,"SEMPRA  (SRE, SREA)  (CIK 0001032208)",SRE,0001032208,4932,Electric/Gas Utilities,CA,2026-07-09,2026-07-09,ceo_turnover,ceo_departure,https://www.sec.gov/Archives/edgar/data/1032208/000103220826000040/0001032208-26-000040-index.htm,SEC EDGAR,edgar,Item 5.02 Departure of Directors or Certain Officers; Election of Directors; Appointment of Certain Officers; Compensato,False,61853794304,,1,2026-07-10T03:33:01.350469Z
34ee787419c51d5c,"ALEXANDRIA REAL ESTATE EQUITIES, INC.  (ARE)  (CIK 0001035443)",ARE,0001035443,6798,Holding Companies,MD,2026-07-09,2026-07-09,ma,joint_venture,https://www.sec.gov/Archives/edgar/data/1035443/000103544326000058/0001035443-26-000058-index.htm,SEC EDGAR,edgar,"Item 1.01.&#160; Entry into a Material Definitive Agreement Escrow Agreement On July 9, 2026, Alexandria Real Estate Equ",False,8453811712,,1,2026-07-10T03:33:09.144043Z
95c6d22b20f21ec7,O REILLY AUTOMOTIVE INC  (ORLY)  (CIK 0000898173),ORLY,0000898173,5531,Retail - Auto,,2026-07-10,2026-07-10,ceo_turnover,director_departure,https://www.sec.gov/Archives/edgar/data/898173/000089817326000039/0000898173-26-000039-index.htm,SEC EDGAR,edgar,Item 5.02 &#8211; Departure of Directors or Certain Officers; Election of Directors; Appointment of Certain Officers; Co,False,71501537280,,1,2026-07-11T02:48:43.790242Z
883bab787d8f18f2,"COSTAR GROUP, INC.  (CSGP)  (CIK 0001057352)",CSGP,0001057352,7389,Business Services,DE,2026-07-13,2026-07-13,ceo_turnover,cfo_departure,https://www.sec.gov/Archives/edgar/data/1057352/000105735226000054/0001057352-26-000054-index.htm,SEC EDGAR,edgar,Item 5.02 Departure of Directors or Certain Officers; Election of Directors; Appointment of Certain Officers; Compensato,False,11748393984,,1,2026-07-14T02:40:14.426670Z
0d8e879c8b4d0340,EQUINIX INC  (EQIX)  (CIK 0001101239),EQIX,0001101239,6798,Holding Companies,DE,2026-07-14,2026-07-14,ceo_turnover,officer_change,https://www.sec.gov/Archives/edgar/data/1101239/000110123926000131/0001101239-26-000131-index.htm,SEC EDGAR,edgar,Item 5.02. Departure of Directors or Certain Officers; Election of Directors; Appointment of Certain Officers; Compensat,False,100945862656,,1,2026-07-15T02:38:12.078783Z
8b9c10074ed9d3fc,"ALLSTATE CORP  (ALL, ALL-PB, ALL-PH, ALL-PI, ALL-PJ)  (CIK 0000899051)",ALL,0000899051,6331,Insurance,DE,2026-07-14,2026-07-14,ceo_turnover,cfo_departure,https://www.sec.gov/Archives/edgar/data/899051/000089905126000109/0000899051-26-000109-index.htm,SEC EDGAR,edgar,Item 5.02. Departure of Directors or Certain Officers; Election of Directors; Appointment of Certain Officers; Compensat,False,64445329408,,1,2026-07-15T02:38:17.245884Z
e22b5cae1049cdb1,PENTAIR plc  (PNR)  (CIK 0000077360),PNR,0000077360,3550,Industrial Machinery,L2,2026-07-14,2026-07-14,ceo_turnover,officer_change,https://www.sec.gov/Archives/edgar/data/77360/000007736026000039/0000077360-26-000039-index.htm,SEC EDGAR,edgar,"<SEC-DOCUMENT>0000077360-26-000039.txt : 20260714
<SEC-HEADER>0000077360-26-000039.hdr.sgml : 20260714
<ACCEPTANCE-DATET",False,12230306816,,1,2026-07-15T02:38:22.231205Z
a51c82e3a77e2f89,DOMINOS PIZZA INC  (DPZ)  (CIK 0001286681),DPZ,0001286681,5140,Wholesale - Nondurable,DE,2026-07-14,2026-07-14,ceo_turnover,ceo_departure,https://www.sec.gov/Archives/edgar/data/1286681/000128668126000029/0001286681-26-000029-index.htm,SEC EDGAR,edgar,Item 5.02. Departure of Directors or Certain Officers; Election of Directors; Appointment of Certain Officers; Compensat,False,10306190336,,1,2026-07-15T02:38:27.089004Z
5456db18144fba6a,WEST PHARMACEUTICAL SERVICES INC  (WST)  (CIK 0000105770),WST,0000105770,3841,Instruments,PA,2026-07-14,2026-07-14,ma,divestiture,https://www.sec.gov/Archives/edgar/data/105770/000010577026000093/0000105770-26-000093-index.htm,SEC EDGAR,edgar,"Item 1.01 Entry Into a Material Definitive Agreement. West Pharmaceutical Services, Inc. (the ""Company"") and Daikyo Seik",False,25267109888,,1,2026-07-15T02:38:41.665012Z
9279fb14ddf83e1b,"HARTFORD INSURANCE GROUP, INC.  (HIG, HIG-PG)  (CIK 0000874766)",HIG,0000874766,6331,Insurance,DE,2026-07-15,2026-07-15,ceo_turnover,director_departure,https://www.sec.gov/Archives/edgar/data/874766/000087476626000050/0000874766-26-000050-index.htm,SEC EDGAR,edgar,Item 5.02 &#160;&#160;&#160;&#160; Departure of Directors or Certain Officers; Election of Directors; Appointment of Cer,False,36870594560,,1,2026-07-16T02:46:01.551898Z
fabed3eb2bede620,"Lamb Weston Holdings, Inc.  (LW)  (CIK 0001679273)",LW,0001679273,2030,Food & Tobacco,DE,2026-07-15,2026-07-15,ceo_turnover,officer_change,https://www.sec.gov/Archives/edgar/data/1679273/000167927326000022/0001679273-26-000022-index.htm,SEC EDGAR,edgar,"<SEC-DOCUMENT>0001679273-26-000022.txt : 20260715
<SEC-HEADER>0001679273-26-000022.hdr.sgml : 20260715
<ACCEPTANCE-DATET",False,6289216000,,1,2026-07-16T02:46:06.827512Z
4a023857f4623f96,American Airlines Group Inc.  (AAL)  (CIK 0000006201),AAL,0000006201,4512,Air Transport,DE,2026-07-15,2026-07-15,ceo_turnover,director_departure,https://www.sec.gov/Archives/edgar/data/6201/000000620126000046/0000006201-26-000046-index.htm,SEC EDGAR,edgar,"<SEC-DOCUMENT>0000006201-26-000046.txt : 20260715
<SEC-HEADER>0000006201-26-000046.hdr.sgml : 20260715
<ACCEPTANCE-DATET",False,10337449984,,1,2026-07-16T02:46:11.231745Z
5f2fb14e2d04ba3f,ETSY INC  (ETSY)  (CIK 0001370637),ETSY,0001370637,7389,Business Services,DE,2026-07-16,2026-07-16,ma,other,https://www.sec.gov/Archives/edgar/data/1370637/000137063726000066/0001370637-26-000066-index.htm,SEC EDGAR,edgar,"Item 1.01. Entry into a Material Definitive Agreement. On July 12, 2026, Etsy, Inc., a Delaware corporation (&#8220;Etsy",False,8084210176,,1,2026-07-16T13:57:39.953947Z
c39176dbafac6ff7,FASTENAL CO  (FAST)  (CIK 0000815556),FAST,0000815556,5200,Retail - Building,MN,2026-07-16,2026-07-16,ceo_turnover,ceo_departure,https://www.sec.gov/Archives/edgar/data/815556/000081555626000043/0000815556-26-000043-index.htm,SEC EDGAR,edgar,Item 5.02. Departure of Directors or Certain Officers; Election of Directors; Appointment of Certain Officers; Compensat,False,53553561600,,1,2026-07-17T02:48:24.195959Z
2fea36c560a0b38d,ADOBE INC.  (ADBE)  (CIK 0000796343),ADBE,0000796343,7372,Business Services,DE,2026-07-17,2026-07-17,ceo_turnover,ceo_departure,https://www.sec.gov/Archives/edgar/data/796343/000079634326000120/0000796343-26-000120-index.htm,SEC EDGAR,edgar,Item 5.02 Departure of Directors or Certain Officers; Election of Directors; Appointment of Certain Officers; Compensato,False,94306877440,,1,2026-07-18T02:39:50.127989Z
3ce962a11ffe1644,"INTERNATIONAL PAPER CO /NEW/  (IP, INPAP)  (CIK 0000051434)",IP,0000051434,2621,Paper,NY,2026-07-17,2026-07-17,ceo_turnover,officer_change,https://www.sec.gov/Archives/edgar/data/51434/000005143426000112/0000051434-26-000112-index.htm,SEC EDGAR,edgar,"<SEC-DOCUMENT>0000051434-26-000112.txt : 20260717
<SEC-HEADER>0000051434-26-000112.hdr.sgml : 20260717
<ACCEPTANCE-DATET",False,,,1,2026-07-18T02:39:55.550328Z
46edefe2abf2eb9d,Solventum Corp  (SOLV)  (CIK 0001964738),SOLV,0001964738,3841,Instruments,DE,2026-07-20,2026-07-20,ceo_turnover,cfo_departure,https://www.sec.gov/Archives/edgar/data/1964738/000196473826000038/0001964738-26-000038-index.htm,SEC EDGAR,edgar,Item 5.02 Departure of Directors or Certain Officers; Election of Directors; Appointment of Certain Officers; Compensato,True,13724096512,,1,2026-07-21T02:51:10.686684Z
c59d76cbd718beca,AMERICAN ELECTRIC POWER CO INC  (AEP)  (CIK 0000004904),AEP,0000004904,4911,Electric/Gas Utilities,NY,2026-07-21,2026-07-21,ceo_turnover,ceo_departure,https://www.sec.gov/Archives/edgar/data/4904/000000490426000048/0000004904-26-000048-index.htm,SEC EDGAR,edgar,Item 5.02.&#160;&#160;&#160;&#160;Departure of Directors or Certain Officers; Election of Directors; Appointment of Cert,False,70820708352,,1,2026-07-21T13:56:07.018370Z
f4294bb7856df1eb,TARGET CORP  (TGT)  (CIK 0000027419),TGT,0000027419,5331,Retail - General,MN,2026-07-22,2026-07-22,ceo_turnover,officer_change,https://www.sec.gov/Archives/edgar/data/27419/000002741926000028/0000027419-26-000028-index.htm,SEC EDGAR,edgar,"<SEC-DOCUMENT>0000027419-26-000028.txt : 20260722
<SEC-HEADER>0000027419-26-000028.hdr.sgml : 20260722
<ACCEPTANCE-DATET",False,62642036736,,1,2026-07-23T02:54:49.629286Z
88aa23597ef64de7,WYNN RESORTS LTD  (WYNN)  (CIK 0001174922),WYNN,0001174922,7011,Hotels & Lodging,,2026-07-22,2026-07-22,ma,other,https://www.sec.gov/Archives/edgar/data/1174922/000117492226000047/0001174922-26-000047-index.htm,SEC EDGAR,edgar,"<SEC-DOCUMENT>0001174922-26-000047.txt : 20260722
<SEC-HEADER>0001174922-26-000047.hdr.sgml : 20260722
<ACCEPTANCE-DATET",False,9794354176,,1,2026-07-23T02:54:59.693705Z
8d491c44744184f3,FRANKLIN RESOURCES INC  (BEN)  (CIK 0000038777),BEN,0000038777,6282,Security Brokers,DE,2026-07-23,2026-07-23,ceo_turnover,ceo_departure,https://www.sec.gov/Archives/edgar/data/38777/000003877726000194/0000038777-26-000194-index.htm,SEC EDGAR,edgar,Item 5.02 Departure of Directors or Certain Officers; Election of Directors; Appointment of Certain Officers; Compensato,False,16820654080,,1,2026-07-23T14:05:53.468154Z
76aaf10750910c8f,"ALBEMARLE CORP  (ALB, ALB-PA)  (CIK 0000915913)",ALB,0000915913,2821,Chemicals,VA,2026-07-23,2026-07-23,ceo_turnover,officer_change,https://www.sec.gov/Archives/edgar/data/915913/000091591326000095/0000915913-26-000095-index.htm,SEC EDGAR,edgar,"<SEC-DOCUMENT>0000915913-26-000095.txt : 20260723
<SEC-HEADER>0000915913-26-000095.hdr.sgml : 20260723
<ACCEPTANCE-DATET",False,13787740160,,1,2026-07-24T02:49:33.679401Z
9f8b3a171507ce27,GE HealthCare Technologies Inc.  (GEHC)  (CIK 0001932393),GEHC,0001932393,3844,Instruments,DE,2026-07-23,2026-07-23,ceo_turnover,cfo_departure,https://www.sec.gov/Archives/edgar/data/1932393/000193239326000039/0001932393-26-000039-index.htm,SEC EDGAR,edgar,"Item 5.02 Departure of Directors or Certain Officers On July 21, 2026, James K. (Jay) Saccaro notified GE HealthCare tha",False,28198742016,,1,2026-07-24T02:49:38.602487Z
e16a9d513ce5f7fb,"Hewlett Packard Enterprise Co  (HPE, HPE-PC)  (CIK 0001645590)",HPE,0001645590,3570,Industrial Machinery,DE,2026-07-24,2026-07-24,ceo_turnover,officer_change,https://www.sec.gov/Archives/edgar/data/1645590/000164559026000072/0001645590-26-000072-index.htm,SEC EDGAR,edgar,Item 5.02. A copy of the press release is furnished as Exhibit 99.1 and incorporated herein by reference. The informatio,False,63707561984,,1,2026-07-24T13:49:50.499378Z
70d9cb2ec03605f1,TransDigm Group INC  (TDG)  (CIK 0001260221),TDG,0001260221,3728,Transportation Equipment,DE,2026-07-24,2026-07-24,ceo_turnover,officer_change,https://www.sec.gov/Archives/edgar/data/1260221/000126022126000046/0001260221-26-000046-index.htm,SEC EDGAR,edgar,"<SEC-DOCUMENT>0001260221-26-000046.txt : 20260724
<SEC-HEADER>0001260221-26-000046.hdr.sgml : 20260724
<ACCEPTANCE-DATET",False,,,1,2026-07-24T13:49:55.419178Z
8230ad1ec35e3540,"MICROCHIP TECHNOLOGY INC  (MCHP, MCHPP)  (CIK 0000827054)",MCHP,0000827054,3674,Electronics,DE,2026-07-24,2026-07-24,ceo_turnover,ceo_departure,https://www.sec.gov/Archives/edgar/data/827054/000082705426000031/0000827054-26-000031-index.htm,SEC EDGAR,edgar,Item 5.02.&#160;&#160;&#160;&#160;Departure of Directors or Certain Officers; Election of Directors; Appointment of Cert,False,42821640192,,1,2026-07-25T02:49:04.715269Z
bc86f22725cd85d0,ESTEE LAUDER COMPANIES INC  (EL)  (CIK 0001001250),EL,0001001250,2844,Chemicals,DE,2026-07-24,2026-07-24,ceo_turnover,director_departure,https://www.sec.gov/Archives/edgar/data/1001250/000100125026000033/0001001250-26-000033-index.htm,SEC EDGAR,edgar,Item 5.02 Departure of Directors or Certain Officers; Election of Directors; Appointment of Certain Officers; Compensato,False,29048514560,,1,2026-07-25T02:49:09.404953Z
b63fa72f44c66e40,"CORPAY, INC.  (CPAY)  (CIK 0001175454)",CPAY,0001175454,7389,Business Services,DE,2026-07-24,2026-07-24,ceo_turnover,director_departure,https://www.sec.gov/Archives/edgar/data/1175454/000117545426000042/0001175454-26-000042-index.htm,SEC EDGAR,edgar,Item 5.02 Departure of Directors or Certain Officers; Election of Directors; Appointment of Certain Officers; Compensato,False,24221818880,,1,2026-07-25T02:49:14.757044Z
5e6700825553a109,"L3HARRIS TECHNOLOGIES, INC. /DE/  (LHX)  (CIK 0000202058)",LHX,0000202058,3812,Instruments,DE,2026-07-24,2026-07-24,ceo_turnover,officer_change,https://www.sec.gov/Archives/edgar/data/202058/000020205826000047/0000202058-26-000047-index.htm,SEC EDGAR,edgar,"<SEC-DOCUMENT>0000202058-26-000047.txt : 20260724
<SEC-HEADER>0000202058-26-000047.hdr.sgml : 20260724
<ACCEPTANCE-DATET",False,55927603200,,1,2026-07-25T02:49:20.374875Z
ff09082d639ab9f3,"CONSTELLATION BRANDS, INC.  (STZ)  (CIK 0000016918)",STZ,0000016918,2080,Food & Tobacco,DE,2026-07-24,2026-07-24,ceo_turnover,officer_change,https://www.sec.gov/Archives/edgar/data/16918/000001691826000032/0000016918-26-000032-index.htm,SEC EDGAR,edgar,"<SEC-DOCUMENT>0000016918-26-000032.txt : 20260724
<SEC-HEADER>0000016918-26-000032.hdr.sgml : 20260724
<ACCEPTANCE-DATET",False,22231896064,,1,2026-07-25T02:49:30.607589Z
d0f7c05429c851b7,"HASBRO, INC.  (HAS)  (CIK 0000046080)",HAS,0000046080,3944,Other,RI,2026-07-27,2026-07-27,ceo_turnover,president_departure,https://www.sec.gov/Archives/edgar/data/46080/000004608026000047/0000046080-26-000047-index.htm,SEC EDGAR,edgar,Item 5.02 Departure of Directors or Certain Officers; Election of Directors; Appointment of Certain Officers; Compensato,False,,,1,2026-07-28T02:41:26.495114Z
f1490594b52e67f5,BOSTON SCIENTIFIC CORP  (BSX)  (CIK 0000885725),BSX,0000885725,3841,Instruments,DE,2026-07-27,2026-07-27,restructuring,other,https://www.sec.gov/Archives/edgar/data/885725/000088572526000049/0000885725-26-000049-index.htm,SEC EDGAR,edgar,"Item 2.05 Costs Associated with Exit or Disposal Activities. On July 21, 2026, the Board of Directors of Boston Scientif",False,67644022784,,1,2026-07-28T02:41:42.109596Z
2e4990a27ba312c4,CENTENE CORP  (CNC)  (CIK 0001071739),CNC,0001071739,6324,Insurance,DE,2026-07-28,2026-07-28,ceo_turnover,director_departure,https://www.sec.gov/Archives/edgar/data/1071739/000107173926000154/0001071739-26-000154-index.htm,SEC EDGAR,edgar,ITEM 5.02 DEPARTURE OF DIRECTORS OR CERTAIN OFFICERS; ELECTION OF DIRECTORS; APPOINTMENT OF CERTAIN OFFICERS; COMPENSATO,False,28990820352,,1,2026-07-28T14:11:35.461192Z
34cd521013e7895f,CONAGRA BRANDS INC.  (CAG)  (CIK 0000023217),CAG,0000023217,2000,Food & Tobacco,DE,2026-07-28,2026-07-28,ceo_turnover,coo_departure,https://www.sec.gov/Archives/edgar/data/23217/000002321726000028/0000023217-26-000028-index.htm,SEC EDGAR,edgar,Item 5.02 Departure of Directors or Certain Officers; Election of Directors; Appointment of Certain Officers; Compensato,False,7422553088,,1,2026-07-28T14:11:40.199381Z
64cf90f439b66828,HORMEL FOODS CORP /DE/  (HRL)  (CIK 0000048465),HRL,0000048465,2011,Food & Tobacco,DE,2026-07-28,2026-07-28,ceo_turnover,officer_change,https://www.sec.gov/Archives/edgar/data/48465/000004846526000047/0000048465-26-000047-index.htm,SEC EDGAR,edgar,"<SEC-DOCUMENT>0000048465-26-000047.txt : 20260728
<SEC-HEADER>0000048465-26-000047.hdr.sgml : 20260728
<ACCEPTANCE-DATET",False,14411943936,,1,2026-07-28T14:11:47.804550Z
936a5b05d0b25d01,CONAGRA BRANDS INC.  (CAG)  (CIK 0000023217),CAG,0000023217,2000,Food & Tobacco,DE,2026-07-28,2026-07-28,ma,other,https://www.sec.gov/Archives/edgar/data/23217/000002321726000032/0000023217-26-000032-index.htm,SEC EDGAR,edgar,Item 1.01 above is hereby incorporated by reference in its entirety into this,False,7391446016,,1,2026-07-28T19:27:53.581626Z
5863a5499e4d105a,PROCTER & GAMBLE Co  (PG)  (CIK 0000080424),PG,0000080424,2840,Chemicals,OH,2026-07-29,2026-07-29,ceo_turnover,ceo_departure,https://www.sec.gov/Archives/edgar/data/80424/000008042426000094/0000080424-26-000094-index.htm,SEC EDGAR,edgar,ITEM 5.02 DEPARTURE OF DIRECTORS OR CERTAIN OFFICERS; ELECTION OF DIRECTORS; APPOINTMENT OF CERTAIN OFFICERS; COMPENSATO,False,336389439488,,1,2026-07-29T14:14:14.458258Z
1c33c5d38910cb6d,HUMANA INC  (HUM)  (CIK 0000049071),HUM,0000049071,6324,Insurance,DE,2026-07-29,2026-07-29,ceo_turnover,director_departure,https://www.sec.gov/Archives/edgar/data/49071/000004907126000047/0000049071-26-000047-index.htm,SEC EDGAR,edgar,Item 5.02. Departure of Directors or Certain Officers; Election of Directors; Appointment of Certain Officers; Compensat,False,43249758208,,1,2026-07-29T14:14:21.523022Z
8df367f6374771a8,"XCEL ENERGY INC  (XEL, XELLL)  (CIK 0000072903)",XEL,0000072903,4931,Electric/Gas Utilities,MN,2026-07-29,2026-07-29,ceo_turnover,director_departure,https://www.sec.gov/Archives/edgar/data/72903/000007290326000147/0000072903-26-000147-index.htm,SEC EDGAR,edgar,Item 5.02. Departure of Directors or Certain Officers; Election of Directors; Appointment of Certain Officers; Compensat,False,50135089152,,1,2026-07-29T14:14:26.756853Z
a472e69c0d42d956,EQUINIX INC  (EQIX)  (CIK 0001101239),EQIX,0001101239,6798,Holding Companies,DE,2026-07-29,2026-07-29,ma,other,https://www.sec.gov/Archives/edgar/data/1101239/000110123926000148/0001101239-26-000148-index.htm,SEC EDGAR,edgar,"Item 1.01. Entry into a Material Definitive Agreement On July 27, 2026 (the &#8220;Closing Date&#8221;), Equinix, Inc. (",False,99415220224,,1,2026-07-30T02:33:12.183431Z
0f169c764c3ff939,NETFLIX INC  (NFLX)  (CIK 0001065280),NFLX,0001065280,7841,Motion Pictures,DE,2026-07-30,2026-07-30,ceo_turnover,director_departure,https://www.sec.gov/Archives/edgar/data/1065280/000106528026000214/0001065280-26-000214-index.htm,SEC EDGAR,edgar,Item 5.02 Departure of Directors or Certain Officers; Election of Directors; Appointment of Certain Officers; Compensato,False,304675454976,,1,2026-07-31T02:58:10.116498Z
e9dfab0cfe68b32e,ETSY INC  (ETSY)  (CIK 0001370637),ETSY,0001370637,7389,Business Services,DE,2026-07-30,2026-07-30,ma,other,https://www.sec.gov/Archives/edgar/data/1370637/000137063726000071/0001370637-26-000071-index.htm,SEC EDGAR,edgar,Item 2.01 below. The foregoing description of the Second Amendment to the 2023 Credit Agreement does not purport to be c,False,7890621952,,1,2026-07-31T02:58:24.063055Z
b80a00ef563130ef,BORGWARNER INC  (BWA)  (CIK 0000908255),BWA,0000908255,3714,Transportation Equipment,DE,2026-07-31,2026-07-31,ceo_turnover,officer_change,https://www.sec.gov/Archives/edgar/data/908255/000090825526000045/0000908255-26-000045-index.htm,SEC EDGAR,edgar,"<SEC-DOCUMENT>0000908255-26-000045.txt : 20260731
<SEC-HEADER>0000908255-26-000045.hdr.sgml : 20260731
<ACCEPTANCE-DATET",False,,,1,2026-07-31T14:11:41.463143Z
6f1bbcd275e1c3bf,CARMAX INC  (KMX)  (CIK 0001170010),KMX,0001170010,5500,Retail - Auto,VA,2026-07-31,2026-07-31,ceo_turnover,officer_change,https://www.sec.gov/Archives/edgar/data/1170010/000117001026000098/0001170010-26-000098-index.htm,SEC EDGAR,edgar,"<SEC-DOCUMENT>0001170010-26-000098.txt : 20260731
<SEC-HEADER>0001170010-26-000098.hdr.sgml : 20260731
<ACCEPTANCE-DATET",False,8125829632,,1,2026-08-01T02:58:00.967404Z
5cbb9bd9febc0b87,METTLER TOLEDO INTERNATIONAL INC/  (MTD)  (CIK 0001037646),MTD,0001037646,3826,Instruments,DE,2026-08-03,2026-08-03,ceo_turnover,director_departure,https://www.sec.gov/Archives/edgar/data/1037646/000103764626000054/0001037646-26-000054-index.htm,SEC EDGAR,edgar,Item 5.02.&#160;&#160;Departure of Directors or Certain Officers; Election of Directors; Appointment of Certain Officers,False,,,1,2026-08-04T02:42:54.900616Z
9e252b7a7393dd28,BEST BUY CO INC  (BBY)  (CIK 0000764478),BBY,0000764478,5731,Retail - Home,MN,2026-08-03,2026-08-03,ceo_turnover,officer_change,https://www.sec.gov/Archives/edgar/data/764478/000076447826000034/0000764478-26-000034-index.htm,SEC EDGAR,edgar,"<SEC-DOCUMENT>0000764478-26-000034.txt : 20260803
<SEC-HEADER>0000764478-26-000034.hdr.sgml : 20260803
<ACCEPTANCE-DATET",False,,,1,2026-08-04T02:43:02.580007Z
a54c791f94dd8669,TELEFLEX INC  (TFX)  (CIK 0000096943),TFX,0000096943,3841,Instruments,DE,2026-08-03,2026-08-03,ma,acquisition,https://www.sec.gov/Archives/edgar/data/96943/000009694326000084/0000096943-26-000084-index.htm,SEC EDGAR,edgar,"Item 2.01 Completion of Acquisition or Disposition of Assets. On August 3, 2026 (the &#8220; Closing Date &#8221;), Tele",False,,,1,2026-08-04T02:43:16.230758Z
24919e9f29d9da43,MCDONALDS CORP  (MCD)  (CIK 0000063908),MCD,0000063908,5812,Eating & Drinking,DE,2026-08-04,2026-08-04,ceo_turnover,president_departure,https://www.sec.gov/Archives/edgar/data/63908/000006390826000069/0000063908-26-000069-index.htm,SEC EDGAR,edgar,Item 5.02. Departure of Directors or Certain Officers; Election of Directors; Appointment of Certain Officers; Compensat,False,,,1,2026-08-04T14:20:04.071332Z
e6c66487dc167929,JOHNSON & JOHNSON  (JNJ)  (CIK 0000200406),JNJ,0000200406,2834,Chemicals,NJ,2026-08-04,2026-08-04,ceo_turnover,president_departure,https://www.sec.gov/Archives/edgar/data/200406/000020040626000167/0000200406-26-000167-index.htm,SEC EDGAR,edgar,Item 5.02 Departure of Directors or Certain Officers; Election of Directors; Appointment of Certain Officers; Compensato,False,608716259328,,1,2026-08-04T14:20:09.481933Z
9dae025354fac97b,GoDaddy Inc.  (GDDY)  (CIK 0001609711),GDDY,0001609711,7373,Business Services,DE,2026-08-04,2026-08-04,ma,other,https://www.sec.gov/Archives/edgar/data/1609711/000160971126000092/0001609711-26-000092-index.htm,SEC EDGAR,edgar,Item 1.01 of this Current Report on Form 8-K is hereby incorporated by reference into this,False,11215920128,,1,2026-08-04T14:20:20.739956Z
bdea854a2e5c240a,CDW Corp  (CDW)  (CIK 0001402057),CDW,0001402057,5961,Retail - Misc,DE,2026-08-05,2026-08-05,ceo_turnover,cfo_departure,https://www.sec.gov/Archives/edgar/data/1402057/000140205726000064/0001402057-26-000064-index.htm,SEC EDGAR,edgar,Item 5.02. Departure of Directors or Certain Officers; Election of Directors; Appointment of Certain Officers; Compensat,False,16966935552,,1,2026-08-05T14:13:11.576927Z
d30368349e9f458f,CARDINAL HEALTH INC  (CAH)  (CIK 0000721371),CAH,0000721371,5122,Wholesale - Nondurable,OH,2026-08-05,2026-08-05,ceo_turnover,officer_change,https://www.sec.gov/Archives/edgar/data/721371/000072137126000026/0000721371-26-000026-index.htm,SEC EDGAR,edgar,"<SEC-DOCUMENT>0000721371-26-000026.txt : 20260805
<SEC-HEADER>0000721371-26-000026.hdr.sgml : 20260805
<ACCEPTANCE-DATET",False,55449407488,,1,2026-08-05T14:13:18.029861Z
64172666d33f654e,Constellation Energy Corp  (CEG)  (CIK 0001868275),CEG,0001868275,4911,Electric/Gas Utilities,PA,2026-08-05,2026-08-05,ceo_turnover,officer_change,https://www.sec.gov/Archives/edgar/data/1868275/000186827526000089/0001868275-26-000089-index.htm,SEC EDGAR,edgar,"<SEC-DOCUMENT>0001868275-26-000089.txt : 20260805
<SEC-HEADER>0001868275-26-000089.hdr.sgml : 20260805
<ACCEPTANCE-DATET",False,94549893120,,1,2026-08-05T19:37:46.748313Z
0968a63bba401148,"Salesforce, Inc.  (CRM)  (CIK 0001108524)",CRM,0001108524,7372,Business Services,DE,2026-08-05,2026-08-05,ceo_turnover,officer_change,https://www.sec.gov/Archives/edgar/data/1108524/000110852426000160/0001108524-26-000160-index.htm,SEC EDGAR,edgar,"<SEC-DOCUMENT>0001108524-26-000160.txt : 20260805
<SEC-HEADER>0001108524-26-000160.hdr.sgml : 20260805
<ACCEPTANCE-DATET",False,,,1,2026-08-06T02:43:31.659100Z
e356ef2a4b84a0f0,ETSY INC  (ETSY)  (CIK 0001370637),ETSY,0001370637,7389,Business Services,DE,2026-08-05,2026-08-05,restructuring,other,https://www.sec.gov/Archives/edgar/data/1370637/000137063726000079/0001370637-26-000079-index.htm,SEC EDGAR,edgar,"Item 2.05. Costs Associated with Exit or Disposal Activities. Restructuring Plan On August 3, 2026, the Audit Committee ",False,8147790336,,1,2026-08-06T02:43:43.444070Z
e42d91c6a3f4c21b,YUM BRANDS INC  (YUM)  (CIK 0001041061),YUM,0001041061,5812,Eating & Drinking,NC,2026-08-07,2026-08-07,ceo_turnover,officer_change,https://www.sec.gov/Archives/edgar/data/1041061/000104106126000165/0001041061-26-000165-index.htm,SEC EDGAR,edgar,"<SEC-DOCUMENT>0001041061-26-000165.txt : 20260807
<SEC-HEADER>0001041061-26-000165.hdr.sgml : 20260807
<ACCEPTANCE-DATET",False,41142566912,,1,2026-08-08T01:45:58.993764Z
fec9ba3f4ce71c36,"GLOBE LIFE INC.  (GL, GL-PD)  (CIK 0000320335)",GL,0000320335,6311,Insurance,DE,2026-08-07,2026-08-07,ceo_turnover,director_departure,https://www.sec.gov/Archives/edgar/data/320335/000032033526000218/0000320335-26-000218-index.htm,SEC EDGAR,edgar,"<SEC-DOCUMENT>0000320335-26-000218.txt : 20260807
<SEC-HEADER>0000320335-26-000218.hdr.sgml : 20260807
<ACCEPTANCE-DATET",False,14274990080,,1,2026-08-08T01:46:04.085077Z
1ee3eadb735ff58e,TRACTOR SUPPLY CO /DE/  (TSCO)  (CIK 0000916365),TSCO,0000916365,5200,Retail - Building,DE,2026-08-07,2026-08-07,ceo_turnover,director_departure,https://www.sec.gov/Archives/edgar/data/916365/000091636526000063/0000916365-26-000063-index.htm,SEC EDGAR,edgar,Item 5.02 Departure of Directors or Certain Officers; Election of Directors; Appointment of Certain Officers; Compensato,True,18007148544,,1,2026-08-08T01:46:09.342805Z
301752ad20e529c5,MSCI Inc.  (MSCI)  (CIK 0001408198),MSCI,0001408198,7389,Business Services,DE,2026-08-07,2026-08-07,ceo_turnover,ceo_departure,https://www.sec.gov/Archives/edgar/data/1408198/000140819826000049/0001408198-26-000049-index.htm,SEC EDGAR,edgar,Item 5.02. Departure of Directors or Certain Officers; Election of Directors; Appointment of Certain Officers; Compensat,False,40942456832,,1,2026-08-08T01:46:17.294363Z
0174b0e14954b317,SOUTHWEST AIRLINES CO  (LUV)  (CIK 0000092380),LUV,0000092380,4512,Air Transport,TX,2026-08-10,2026-08-10,ceo_turnover,officer_change,https://www.sec.gov/Archives/edgar/data/92380/000009238026000093/0000092380-26-000093-index.htm,SEC EDGAR,edgar,Item 5.02 Departure of Directors or Certain Officers; Election of Directors; Appointment of Certain Officers; Compensato,False,21965449216,,1,2026-08-11T01:52:55.174253Z
5bdda4c9bfe1dc3b,"NIKE, Inc.  (NKE)  (CIK 0000320187)",NKE,0000320187,3021,Rubber/Plastics,OR,2026-08-10,2026-08-10,ceo_turnover,cfo_departure,https://www.sec.gov/Archives/edgar/data/320187/000032018726000112/0000320187-26-000112-index.htm,SEC EDGAR,edgar,Item 5.02. Departure of Directors or Certain Officers; Election of Directors; Appointment of Certain Officers; Compensat,False,62470131712,,1,2026-08-11T01:53:01.619352Z
8910ded6bf581067,"WEC ENERGY GROUP, INC.  (WEC)  (CIK 0000783325)",WEC,0000783325,4931,Electric/Gas Utilities,WI,2026-08-11,2026-08-11,ceo_turnover,cfo_departure,https://www.sec.gov/Archives/edgar/data/783325/000078332526000092/0000783325-26-000092-index.htm,SEC EDGAR,edgar,ITEM 5.02 DEPARTURE OF DIRECTORS OR CERTAIN OFFICERS; ELECTION OF DIRECTORS; APPOINTMENT OF CERTAIN OFFICERS; COMPENSATO,False,34579136512,,1,2026-08-11T13:09:40.075282Z
bcc8e08c6a8fcd81,"REGIONS FINANCIAL CORP  (RF, RF-PC, RF-PE, RF-PF)  (CIK 0001281761)",RF,0001281761,6021,Depository Institutions,DE,2026-08-11,2026-08-11,ceo_turnover,president_departure,https://www.sec.gov/Archives/edgar/data/1281761/000128176126000060/0001281761-26-000060-index.htm,SEC EDGAR,edgar,Item 5.02 Departure of Directors or Certain Officers; Election of Directors; Appointment of Certain Officers; Compensato,False,26801702912,,1,2026-08-11T13:09:47.681066Z
cd96340fbfd5c2f7,CARDINAL HEALTH INC  (CAH)  (CIK 0000721371),CAH,0000721371,5122,Wholesale - Nondurable,OH,2026-08-11,2026-08-11,ma,other,https://www.sec.gov/Archives/edgar/data/721371/000072137126000036/0000721371-26-000036-index.htm,SEC EDGAR,edgar,Item 1.01 above replaced the terminated facilities described under this,False,55548944384,,1,2026-08-11T13:09:54.517071Z
34b982a3adada7a3,"NEXTERA ENERGY INC  (NEE, NEE-PN, NEE-PS, NEE-PT, NEE-PU, NEE-PV, NEE-PW)  (CIK 0000753308)",NEE,0000753308,4911,Electric/Gas Utilities,FL,2026-08-11,2026-08-11,ma,other,https://www.sec.gov/Archives/edgar/data/753308/000075330826000065/0000753308-26-000065-index.htm,SEC EDGAR,edgar,Item 2.01 of a Current Report on Form 8-K. The purpose of this Current Report on Form&#160;8-K is to file the Financial ,False,176682352640,,1,2026-08-11T13:09:59.040871Z
d409e5fcbc29fee4,"HARTFORD INSURANCE GROUP, INC.  (HIG, HIG-PG)  (CIK 0000874766)",HIG,0000874766,6331,Insurance,DE,2026-08-11,2026-08-11,ceo_turnover,director_departure,https://www.sec.gov/Archives/edgar/data/874766/000087476626000062/0000874766-26-000062-index.htm,SEC EDGAR,edgar,Item 5.02 &#160;&#160;&#160;&#160; Departure of Directors or Certain Officers; Election of Directors; Appointment of Cer,False,38126112768,,1,2026-08-12T02:05:28.371815Z
63320924ec47ab9a,Keurig Dr Pepper Inc.  (KDP)  (CIK 0001418135),KDP,0001418135,2080,Food & Tobacco,DE,2026-08-12,2026-08-12,ceo_turnover,director_departure,https://www.sec.gov/Archives/edgar/data/1418135/000141813526000053/0001418135-26-000053-index.htm,SEC EDGAR,edgar,Item 5.02. Departure of Directors or Certain Officers; Election of Directors; Appointment of Certain Officers; Compensat,False,39708901376,,1,2026-08-12T13:13:40.428361Z
cbdcac148854e2c0,"HOME DEPOT, INC.  (HD)  (CIK 0000354950)",HD,0000354950,5211,Retail - Building,DE,2026-08-12,2026-08-12,ceo_turnover,officer_change,https://www.sec.gov/Archives/edgar/data/354950/000035495026000141/0000354950-26-000141-index.htm,SEC EDGAR,edgar,"<SEC-DOCUMENT>0000354950-26-000141.txt : 20260812
<SEC-HEADER>0000354950-26-000141.hdr.sgml : 20260812
<ACCEPTANCE-DATET",False,353457930240,,1,2026-08-12T13:13:48.874264Z
629b936aff3ff5e4,MOODYS CORP /DE/  (MCO)  (CIK 0001059556),MCO,0001059556,7320,Business Services,DE,2026-08-12,2026-08-12,ceo_turnover,officer_change,https://www.sec.gov/Archives/edgar/data/1059556/000105955626000038/0001059556-26-000038-index.htm,SEC EDGAR,edgar,"<SEC-DOCUMENT>0001059556-26-000038.txt : 20260812
<SEC-HEADER>0001059556-26-000038.hdr.sgml : 20260812
<ACCEPTANCE-DATET",False,82752806912,,1,2026-08-13T02:07:28.774588Z
883762ed25e14643,PULTEGROUP INC/MI/  (PHM)  (CIK 0000822416),PHM,0000822416,1531,Construction,MI,2026-08-12,2026-08-12,ma,other,https://www.sec.gov/Archives/edgar/data/822416/000082241626000038/0000822416-26-000038-index.htm,SEC EDGAR,edgar,"ITEM 1.01 ENTRY INTO A MATERIAL DEFINITIVE AGREEMENT On August&#160;11, 2026, Pulte Mortgage LLC (&#8220;Pulte Mortgage&",False,,,1,2026-08-13T02:07:47.252932Z
09974615dd88d625,SOUTHWEST AIRLINES CO  (LUV)  (CIK 0000092380),LUV,0000092380,4512,Air Transport,TX,2026-08-12,2026-08-12,ma,other,https://www.sec.gov/Archives/edgar/data/92380/000009238026000098/0000092380-26-000098-index.htm,SEC EDGAR,edgar,Item 1.01 Entry into a Material Definitive Agreement. The information included pursuant to,False,22004584448,,1,2026-08-13T02:07:51.889699Z
891322fb74e38a71,Xylem Inc.  (XYL)  (CIK 0001524472),XYL,0001524472,3561,Industrial Machinery,IN,2026-08-13,2026-08-13,ceo_turnover,officer_change,https://www.sec.gov/Archives/edgar/data/1524472/000152447226000119/0001524472-26-000119-index.htm,SEC EDGAR,edgar,"<SEC-DOCUMENT>0001524472-26-000119.txt : 20260813
<SEC-HEADER>0001524472-26-000119.hdr.sgml : 20260813
<ACCEPTANCE-DATET",False,28093132800,,1,2026-08-14T02:06:03.259111Z
35e28beba18427d0,LABCORP HOLDINGS INC.  (LH)  (CIK 0000920148),LH,0000920148,8071,Health Services,,2026-08-14,2026-08-14,ceo_turnover,president_departure,https://www.sec.gov/Archives/edgar/data/920148/000092014826000182/0000920148-26-000182-index.htm,SEC EDGAR,edgar,Item 5.02. Departure of Directors or Certain Officers; Election of Directors; Appointment of Certain Officers; Compensat,False,26162049024,,1,2026-08-14T13:10:47.988937Z
d4b88dd6a3bc2688,TARGET CORP  (TGT)  (CIK 0000027419),TGT,0000027419,5331,Retail - General,MN,2026-08-14,2026-08-14,ma,other,https://www.sec.gov/Archives/edgar/data/27419/000002741926000032/0000027419-26-000032-index.htm,SEC EDGAR,edgar,"Item 1.01. Also in connection with entering into the Credit Agreement described above, on August 14, 2026, Target termin",False,70163439616,,1,2026-08-15T01:20:44.224321Z
08a34bf4c37ad7e6,CENTENE CORP  (CNC)  (CIK 0001071739),CNC,0001071739,6324,Insurance,DE,2026-08-17,2026-08-17,ceo_turnover,ceo_departure,https://www.sec.gov/Archives/edgar/data/1071739/000107173926000165/0001071739-26-000165-index.htm,SEC EDGAR,edgar,ITEM 5.02 DEPARTURE OF DIRECTORS OR CERTAIN OFFICERS; ELECTION OF DIRECTORS; APPOINTMENT OF CERTAIN OFFICERS; COMPENSATO,False,33329844224,,1,2026-08-17T12:48:15.133563Z
a2194424519ce7af,"L3HARRIS TECHNOLOGIES, INC. /DE/  (LHX)  (CIK 0000202058)",LHX,0000202058,3812,Instruments,DE,2026-08-17,2026-08-17,ceo_turnover,officer_change,https://www.sec.gov/Archives/edgar/data/202058/000020205826000066/0000202058-26-000066-index.htm,SEC EDGAR,edgar,"<SEC-DOCUMENT>0000202058-26-000066.txt : 20260817
<SEC-HEADER>0000202058-26-000066.hdr.sgml : 20260817
<ACCEPTANCE-DATET",False,54341152768,,1,2026-08-17T12:48:19.835379Z
84f449e856aca0be,NVIDIA CORP  (NVDA)  (CIK 0001045810),NVDA,0001045810,3674,Electronics,DE,2026-08-17,2026-08-17,ma,joint_venture,https://www.sec.gov/Archives/edgar/data/1045810/000104581026000069/0001045810-26-000069-index.htm,SEC EDGAR,edgar,"Item 1.01.&#160;&#160;&#160;&#160;Entry into a Material Definitive Agreement On August 17, 2026, NVIDIA Corporation (&#8",True,5453600260096,,1,2026-08-17T12:48:40.181033Z
01a400761a5752e8,GE HealthCare Technologies Inc.  (GEHC)  (CIK 0001932393),GEHC,0001932393,3844,Instruments,DE,2026-08-18,2026-08-18,ceo_turnover,cfo_departure,https://www.sec.gov/Archives/edgar/data/1932393/000193239326000050/0001932393-26-000050-index.htm,SEC EDGAR,edgar,Item 5.02 Departure of Directors or Certain Officers; Election of Directors; Appointment of Certain Officers; Compensato,False,33279883264,,1,2026-08-18T18:41:16.516329Z
b7173009e6dcfc97,Xylem Inc.  (XYL)  (CIK 0001524472),XYL,0001524472,3561,Industrial Machinery,IN,2026-08-18,2026-08-18,ceo_turnover,officer_change,https://www.sec.gov/Archives/edgar/data/1524472/000152447226000123/0001524472-26-000123-index.htm,SEC EDGAR,edgar,"<SEC-DOCUMENT>0001524472-26-000123.txt : 20260818
<SEC-HEADER>0001524472-26-000123.hdr.sgml : 20260818
<ACCEPTANCE-DATET",False,26631505920,,1,2026-08-18T18:41:19.013771Z
c1280ccd6fbcaeb9,"WEC ENERGY GROUP, INC.  (WEC)  (CIK 0000783325)",WEC,0000783325,4931,Electric/Gas Utilities,WI,2026-08-18,2026-08-18,ma,other,https://www.sec.gov/Archives/edgar/data/783325/000078332526000095/0000783325-26-000095-index.htm,SEC EDGAR,edgar,"ITEM 1.01 ENTRY INTO A MATERIAL DEFINITIVE AGREEMENT. On, August 14, 2026, Wisconsin Electric Power Company (&#8220;WEPC",False,36185575424,,1,2026-08-19T01:20:47.016007Z
15453a8d5731d2e2,HONEYWELL INTERNATIONAL INC  (HON)  (CIK 0000773840),HON,0000773840,3724,Transportation Equipment,DE,2026-08-19,2026-08-19,ceo_turnover,officer_change,https://www.sec.gov/Archives/edgar/data/773840/000077384026000130/0000773840-26-000130-index.htm,SEC EDGAR,edgar,Item 5.02 above. The information in,False,72170405888,,1,2026-08-19T12:50:49.637758Z
24c80b7a4db890fc,3M CO  (MMM)  (CIK 0000066740),MMM,0000066740,3841,Instruments,DE,2026-08-19,2026-08-19,ma,other,https://www.sec.gov/Archives/edgar/data/66740/000006674026000268/0000066740-26-000268-index.htm,SEC EDGAR,edgar,"Item 1.01. Entry Into a Material Definitive Agreement On August 17, 2026 (the &#8220;Effective Date&#8221;), 3M Company ",False,93314818048,,1,2026-08-19T12:51:25.538359Z
7d23af149d1f0988,ADVANCED MICRO DEVICES INC  (AMD)  (CIK 0000002488),AMD,0000002488,3674,Electronics,DE,2026-08-19,2026-08-19,ceo_turnover,officer_change,https://www.sec.gov/Archives/edgar/data/2488/000000248826000163/0000002488-26-000163-index.htm,SEC EDGAR,edgar,"<SEC-DOCUMENT>0000002488-26-000163.txt : 20260819
<SEC-HEADER>0000002488-26-000163.hdr.sgml : 20260819
<ACCEPTANCE-DATET",False,761419005952,,1,2026-08-20T01:20:07.354107Z
ca7a9e077c06c3f2,"MICROCHIP TECHNOLOGY INC  (MCHP, MCHPP)  (CIK 0000827054)",MCHP,0000827054,3674,Electronics,DE,2026-08-19,2026-08-19,ceo_turnover,director_departure,https://www.sec.gov/Archives/edgar/data/827054/000082705426000042/0000827054-26-000042-index.htm,SEC EDGAR,edgar,Item 5.02.&#160;&#160;&#160;&#160;Departure of Directors or Certain Officers; Election of Directors; Appointment of Cert,False,41855111168,,1,2026-08-20T01:20:09.961613Z
9faf372512246d76,SYSCO CORP  (SYY)  (CIK 0000096021),SYY,0000096021,5140,Wholesale - Nondurable,DE,2026-08-20,2026-08-20,ceo_turnover,director_departure,https://www.sec.gov/Archives/edgar/data/96021/000009602126000030/0000096021-26-000030-index.htm,SEC EDGAR,edgar,Item 5.02 DEPARTURE OF DIRECTORS OR CERTAIN OFFICERS; ELECTION OF DIRECTORS; APPOINTMENT OF CERTAIN OFFICERS; COMPENSATO,False,40061276160,,1,2026-08-20T18:41:29.739101Z
de0dd28876cd78be,"ALBEMARLE CORP  (ALB, ALB-PA)  (CIK 0000915913)",ALB,0000915913,2821,Chemicals,VA,2026-08-21,2026-08-21,ceo_turnover,officer_change,https://www.sec.gov/Archives/edgar/data/915913/000091591326000107/0000915913-26-000107-index.htm,SEC EDGAR,edgar,"<SEC-DOCUMENT>0000915913-26-000107.txt : 20260821
<SEC-HEADER>0000915913-26-000107.hdr.sgml : 20260821
<ACCEPTANCE-DATET",False,15835099136,,1,2026-08-21T12:51:42.684747Z
a7a2e3bd67ce9215,YUM BRANDS INC  (YUM)  (CIK 0001041061),YUM,0001041061,5812,Eating & Drinking,NC,2026-08-21,2026-08-21,ceo_turnover,officer_change,https://www.sec.gov/Archives/edgar/data/1041061/000104106126000171/0001041061-26-000171-index.htm,SEC EDGAR,edgar,"<SEC-DOCUMENT>0001041061-26-000171.txt : 20260821
<SEC-HEADER>0001041061-26-000171.hdr.sgml : 20260821
<ACCEPTANCE-DATET",False,41329508352,,1,2026-08-21T18:38:54.807088Z
80209771f951a3d2,"WILLIAMS COMPANIES, INC.  (WMB)  (CIK 0000107263)",WMB,0000107263,4922,Electric/Gas Utilities,DE,2026-08-21,2026-08-21,ceo_turnover,director_departure,https://www.sec.gov/Archives/edgar/data/107263/000010726326000028/0000107263-26-000028-index.htm,SEC EDGAR,edgar,Item 5.02. Departure of Directors or Certain Officers; Election of Directors; Appointment of Certain Officers; Compensat,False,86221070336,,1,2026-08-22T01:19:10.273632Z
7132fcc053376362,"HOME DEPOT, INC.  (HD)  (CIK 0000354950)",HD,0000354950,5211,Retail - Building,DE,2026-08-21,2026-08-21,ceo_turnover,officer_change,https://www.sec.gov/Archives/edgar/data/354950/000035495026000148/0000354950-26-000148-index.htm,SEC EDGAR,edgar,"<SEC-DOCUMENT>0000354950-26-000148.txt : 20260821
<SEC-HEADER>0000354950-26-000148.hdr.sgml : 20260821
<ACCEPTANCE-DATET",False,,,1,2026-08-22T01:19:13.522279Z
1b3e0b1bc5b80234,Extra Space Storage Inc.  (EXR)  (CIK 0001289490),EXR,0001289490,6798,Holding Companies,MD,2026-08-24,2026-08-24,ceo_turnover,officer_change,https://www.sec.gov/Archives/edgar/data/1289490/000128949026000058/0001289490-26-000058-index.htm,SEC EDGAR,edgar,"<SEC-DOCUMENT>0001289490-26-000058.txt : 20260824
<SEC-HEADER>0001289490-26-000058.hdr.sgml : 20260824
<ACCEPTANCE-DATET",False,32401340416,,1,2026-08-24T12:54:01.573921Z
6b59a255d1435e31,JACK HENRY & ASSOCIATES INC  (JKHY)  (CIK 0000779152),JKHY,0000779152,7373,Business Services,DE,2026-08-24,2026-08-24,ceo_turnover,director_departure,https://www.sec.gov/Archives/edgar/data/779152/000077915226000060/0000779152-26-000060-index.htm,SEC EDGAR,edgar,"<SEC-DOCUMENT>0000779152-26-000060.txt : 20260824
<SEC-HEADER>0000779152-26-000060.hdr.sgml : 20260824
<ACCEPTANCE-DATET",False,12114869248,,1,2026-08-25T01:21:35.313866Z
ecc36c664b40d1f8,HORMEL FOODS CORP /DE/  (HRL)  (CIK 0000048465),HRL,0000048465,2011,Food & Tobacco,DE,2026-08-24,2026-08-24,ceo_turnover,officer_change,https://www.sec.gov/Archives/edgar/data/48465/000004846526000049/0000048465-26-000049-index.htm,SEC EDGAR,edgar,"<SEC-DOCUMENT>0000048465-26-000049.txt : 20260824
<SEC-HEADER>0000048465-26-000049.hdr.sgml : 20260824
<ACCEPTANCE-DATET",False,13256346624,,1,2026-08-25T01:21:39.303053Z
c811690ee4ed0576,EXELON CORP  (EXC)  (CIK 0001109357),EXC,0001109357,4931,Electric/Gas Utilities,PA,2026-08-25,2026-08-25,ceo_turnover,ceo_departure,https://www.sec.gov/Archives/edgar/data/1109357/000110935726000084/0001109357-26-000084-index.htm,SEC EDGAR,edgar,Item 5.02. Departure of Directors or Certain Officers; Election of Directors; Appointment of Certain Officers; Compensat,False,45650554880,,1,2026-08-26T01:24:23.556612Z
d5235046e18afc56,TRACTOR SUPPLY CO /DE/  (TSCO)  (CIK 0000916365),TSCO,0000916365,5200,Retail - Building,DE,2026-08-25,2026-08-25,ma,divestiture,https://www.sec.gov/Archives/edgar/data/916365/000091636526000065/0000916365-26-000065-index.htm,SEC EDGAR,edgar,"Item 1.01 Entry into a Material Definitive Agreement. Underwriting Agreement On August 19, 2026, Tractor Supply Company ",False,18434400256,,1,2026-08-26T01:24:29.080757Z
425dc40dc3cd62b9,"Keysight Technologies, Inc.  (KEYS)  (CIK 0001601046)",KEYS,0001601046,3823,Instruments,DE,2026-08-26,2026-08-26,ceo_turnover,ceo_departure,https://www.sec.gov/Archives/edgar/data/1601046/000160104626000032/0001601046-26-000032-index.htm,SEC EDGAR,edgar,Item 5.02 Departure of Directors or Certain Officers; Appointment of Certain Officers; Compensatory Arrangements of Cert,False,54814461952,,1,2026-08-27T08:08:13.372370Z
dad8b6827e38e480,LAM RESEARCH CORP  (LRCX)  (CIK 0000707549),LRCX,0000707549,3559,Industrial Machinery,DE,2026-08-27,2026-08-27,ceo_turnover,director_departure,https://www.sec.gov/Archives/edgar/data/707549/000070754926000043/0000707549-26-000043-index.htm,SEC EDGAR,edgar,Item 5.02. &#160;&#160;&#160;&#160;Departure of Directors or Certain Officers; Election of Directors; Appointment of Cer,False,398645821440,,1,2026-08-27T21:56:56.182880Z
10d8c2f47e3e4767,GE Vernova Inc.  (GEV)  (CIK 0001996810),GEV,0001996810,3600,Electronics,DE,2026-08-27,2026-08-27,ceo_turnover,ceo_departure,https://www.sec.gov/Archives/edgar/data/1996810/000199681026000153/0001996810-26-000153-index.htm,SEC EDGAR,edgar,Item 5.02 Departure of Directors or Certain Officers; Election of Directors; Appointment of Certain Officers; Compensato,False,254036967424,,1,2026-08-27T21:56:58.621798Z
24f993b39b29b230,Arthur J. Gallagher & Co.  (AJG)  (CIK 0000354190),AJG,0000354190,6411,Insurance Agents,DE,2026-08-27,2026-08-27,ceo_turnover,officer_change,https://www.sec.gov/Archives/edgar/data/354190/000035419026000197/0000354190-26-000197-index.htm,SEC EDGAR,edgar,"<SEC-DOCUMENT>0000354190-26-000197.txt : 20260827
<SEC-HEADER>0000354190-26-000197.hdr.sgml : 20260827
<ACCEPTANCE-DATET",False,66687107072,,1,2026-08-27T21:57:01.967093Z
4a43c6b48194f72e,"ALTRIA GROUP, INC.  (MO)  (CIK 0000764180)",MO,0000764180,2111,Other,VA,2026-08-28,2026-08-28,ceo_turnover,director_departure,https://www.sec.gov/Archives/edgar/data/764180/000076418026000098/0000764180-26-000098-index.htm,SEC EDGAR,edgar,Item 5.02.&#160;&#160;&#160;&#160;Departure of Directors or Certain Officers; Election of Directors; Appointment of Cert,False,114627919872,,1,2026-08-28T21:50:15.772763Z
0eff7b100a254c10,Edwards Lifesciences Corp  (EW)  (CIK 0001099800),EW,0001099800,3842,Instruments,DE,2026-08-28,2026-08-28,ceo_turnover,cfo_departure,https://www.sec.gov/Archives/edgar/data/1099800/000109980026000048/0001099800-26-000048-index.htm,SEC EDGAR,edgar,Item 5.02. Departure of Directors or Certain Officers; Election of Directors; Appointment of Certain Officers; Compensat,False,51942916096,,1,2026-08-28T21:50:19.005410Z
fe1a23116a0f1df8,YUM BRANDS INC  (YUM)  (CIK 0001041061),YUM,0001041061,5812,Eating & Drinking,NC,2026-08-28,2026-08-28,ceo_turnover,officer_change,https://www.sec.gov/Archives/edgar/data/1041061/000104106126000180/0001041061-26-000180-index.htm,SEC EDGAR,edgar,"<SEC-DOCUMENT>0001041061-26-000180.txt : 20260828
<SEC-HEADER>0001041061-26-000180.hdr.sgml : 20260828
<ACCEPTANCE-DATET",False,41988562944,,1,2026-08-28T21:50:22.228311Z
7d28699f151fd5ee,"MCCORMICK & CO INC  (MKC, MKC-V)  (CIK 0000063754)",MKC,0000063754,2090,Food & Tobacco,MD,2026-08-28,2026-08-28,ceo_turnover,officer_change,https://www.sec.gov/Archives/edgar/data/63754/000006375426000305/0000063754-26-000305-index.htm,SEC EDGAR,edgar,"<SEC-DOCUMENT>0000063754-26-000305.txt : 20260828
<SEC-HEADER>0000063754-26-000305.hdr.sgml : 20260828
<ACCEPTANCE-DATET",False,14875556864,,1,2026-08-28T21:50:25.393974Z
8ae867384d9bd9f7,Invesco Ltd.  (IVZ)  (CIK 0000914208),IVZ,0000914208,6282,Security Brokers,D0,2026-08-31,2026-08-31,ceo_turnover,officer_change,https://www.sec.gov/Archives/edgar/data/914208/000091420826000347/0000914208-26-000347-index.htm,SEC EDGAR,edgar,Item 5.02 hereof. A copy of the press release is furnished as Exhibit 99.1 hereto and is incorporated herein by referenc,False,14472361984,,1,2026-08-31T22:37:27.787661Z
ba44b6e177695975,ALIGN TECHNOLOGY INC  (ALGN)  (CIK 0001097149),ALGN,0001097149,3842,Instruments,DE,2026-08-31,2026-08-31,ceo_turnover,officer_change,https://www.sec.gov/Archives/edgar/data/1097149/000109714926000065/0001097149-26-000065-index.htm,SEC EDGAR,edgar,"<SEC-DOCUMENT>0001097149-26-000065.txt : 20260831
<SEC-HEADER>0001097149-26-000065.hdr.sgml : 20260831
<ACCEPTANCE-DATET",False,11351457792,,1,2026-08-31T22:37:32.255691Z
5f46d73e66946492,YUM BRANDS INC  (YUM)  (CIK 0001041061),YUM,0001041061,5812,Eating & Drinking,NC,2026-09-01,2026-09-01,ceo_turnover,officer_change,https://www.sec.gov/Archives/edgar/data/1041061/000104106126000187/0001041061-26-000187-index.htm,SEC EDGAR,edgar,"<SEC-DOCUMENT>0001041061-26-000187.txt : 20260901
<SEC-HEADER>0001041061-26-000187.hdr.sgml : 20260901
<ACCEPTANCE-DATET",False,41489154048,,1,2026-09-01T20:44:04.411861Z
d0e5ed3246c84496,RAYMOND JAMES FINANCIAL INC  (RJF)  (CIK 0000720005),RJF,0000720005,6211,Security Brokers,FL,2026-09-01,2026-09-01,ceo_turnover,director_departure,https://www.sec.gov/Archives/edgar/data/720005/000072000526000075/0000720005-26-000075-index.htm,SEC EDGAR,edgar,Item 5.02 Departure of Directors or Certain Officers; Election of Directors; Appointment of Certain Officers; Compensato,False,33329350656,,1,2026-09-01T20:44:09.191420Z
28177ddf8b397b83,VERTEX PHARMACEUTICALS INC / MA  (VRTX)  (CIK 0000875320),VRTX,0000875320,2834,Chemicals,MA,2026-09-01,2026-09-01,ceo_turnover,cfo_departure,https://www.sec.gov/Archives/edgar/data/875320/000087532026000264/0000875320-26-000264-index.htm,SEC EDGAR,edgar,Item 5.02 Departure of Directors of Directors or Certain Officers; Election of Directors; Appointment of Certain Officer,False,138807885824,,1,2026-09-01T20:44:11.394099Z
b4761abdd1056aa9,LOWES COMPANIES INC  (LOW)  (CIK 0000060667),LOW,0000060667,5211,Retail - Building,NC,2026-09-02,2026-09-02,ceo_turnover,president_departure,https://www.sec.gov/Archives/edgar/data/60667/000006066726000119/0000060667-26-000119-index.htm,SEC EDGAR,edgar,Item 5.02 Departure of Directors or Certain Officers; Election of Directors; Appointment of Certain Officers; Compensato,True,112121028608,,1,2026-09-02T20:42:08.869843Z
c21f4d8b3f1eacc7,"AMERICAN INTERNATIONAL GROUP, INC.  (AIG)  (CIK 0000005272)",AIG,0000005272,6331,Insurance,DE,2026-09-02,2026-09-02,ceo_turnover,director_departure,https://www.sec.gov/Archives/edgar/data/5272/000000527226000088/0000005272-26-000088-index.htm,SEC EDGAR,edgar,Item 5.02. Departure of Directors or Certain Officers; Election of Directors; Appointment of Certain Officers; Compensat,False,39807856640,,1,2026-09-02T20:42:12.360924Z
84b60fb14235fac6,NXP Semiconductors N.V.  (NXPI)  (CIK 0001413447),NXPI,0001413447,3674,Electronics,,2026-09-02,2026-09-02,ma,other,https://www.sec.gov/Archives/edgar/data/1413447/000141344726000051/0001413447-26-000051-index.htm,SEC EDGAR,edgar,"Item 1.01 &#160;&#160;&#160;&#160;Entry into a Material Definitive Agreement Facility Agreement On September 1, 2026, NX",False,57619513344,,1,2026-09-02T20:42:18.663695Z
8daec3cab5784c2c,Seagate Technology Holdings plc  (STX)  (CIK 0001137789),STX,0001137789,3572,Industrial Machinery,,2026-09-04,2026-09-04,ceo_turnover,officer_change,https://www.sec.gov/Archives/edgar/data/1137789/000113778926000201/0001137789-26-000201-index.htm,SEC EDGAR,edgar,"<SEC-DOCUMENT>0001137789-26-000201.txt : 20260904
<SEC-HEADER>0001137789-26-000201.hdr.sgml : 20260904
<ACCEPTANCE-DATET",False,192484655104,,1,2026-09-04T20:27:26.539207Z
4289eefcd3121b05,"Salesforce, Inc.  (CRM)  (CIK 0001108524)",CRM,0001108524,7372,Business Services,DE,2026-09-04,2026-09-04,ceo_turnover,officer_change,https://www.sec.gov/Archives/edgar/data/1108524/000110852426000197/0001108524-26-000197-index.htm,SEC EDGAR,edgar,"<SEC-DOCUMENT>0001108524-26-000197.txt : 20260904
<SEC-HEADER>0001108524-26-000197.hdr.sgml : 20260904
<ACCEPTANCE-DATET",False,213346304000,,1,2026-09-04T20:27:31.973100Z
